name,version,rating,position,PAC,SHO,PAS,DRI,DEF,PHY
Lauren James ,FC 24 TOTS ,97,ST,97,91,93,97,50,92
Jeremie Frimpong ,FC 24 TOTS ,97,RWB,99,84,93,97,91,88
Aitana Bonmati ,FC 24 TOTY ,97,CM,90,91,91,98,83,81
Erling Haaland ,FC 24 TOTY ,97,ST,96,98,80,91,56,97
Erling Haaland ,FC 24 TOTS ,97,ST,97,99,80,92,57,97
Pele ,FC 24 FUT Birthday Icon ,97,CAM,95,96,92,96,60,81
Sakina Karchaoui ,FC 24 TOTS ,97,LB,99,81,93,97,92,85
Kylian Mbappe ,FC 24 TOTS ,97,ST,99,97,90,98,45,90
Kylian Mbappe ,FC 24 TOTY ,97,ST,99,96,88,97,47,88
Caroline Graham Hansen ,FC 24 TOTY ,97,RW,96,93,95,97,56,85
Alexandra Popp ,FC 24 TOTS ,97,ST,92,97,85,92,65,97
Virgil van Dijk ,FC 24 TOTS ,97,CB,92,71,84,85,97,94
Harry Kane ,FC 24 TOTS ,97,ST,90,99,93,93,56,91
Johan Cruyff ,FC 24 GOLAZO Icon ,97,CF,93,95,93,97,50,80
Lionel Messi ,FC 24 TOTS Plus ,97,CF,92,97,98,98,39,79
Lionel Messi ,FC 24 TOTY ,97,CF,91,96,97,98,40,77
Tabitha Chawinga ,FC 24 TOTS Plus ,96,ST,97,93,84,94,55,87
Florian Wirtz ,FC 24 TOTS ,96,CAM,91,93,95,97,66,80
Vitinha ,FC 24 TOTS ,96,CM,92,92,96,94,91,88
Ferenc Puskas ,FC 24 GOLAZO Icon ,96,CF,94,98,94,95,50,80
Jude Bellingham ,FC 24 TOTY ,96,CM,90,88,90,96,90,91
Lena Oberdorf ,FC 24 TOTS Moments ,96,CDM,86,75,91,92,93,96
Khadija Shaw ,FC 24 TOTS Plus ,96,ST,90,96,85,90,40,95
Grace Geyoro ,FC 24 TOTS ,96,CM,90,87,92,96,96,91
Pele ,FC 24 Winter Wildcard Icon ,96,ST,94,95,90,95,59,80
Declan Rice ,FC 24 TOTS ,96,CM,92,82,90,91,96,94
Rodri ,FC 24 TOTS ,96,CDM,89,85,90,91,96,94
Ousmane Dembele ,FC 24 TOTS ,96,RW,99,94,92,97,49,76
Alexia Putellas ,FC 24 TOTY ,96,CM,90,95,96,97,80,86
Sam Kerr ,FC 24 TOTY ,96,ST,92,94,84,96,48,92
Sam Kerr ,FC 24 TOTS Moments ,96,ST,94,96,83,96,50,91
Virgil van Dijk ,FC 24 TOTY ,96,CB,88,68,82,82,96,93
Kevin De Bruyne ,FC 24 TOTY ,96,CM,85,93,98,92,80,84
Kevin De Bruyne ,FC 24 TOTS Moments ,96,CAM,87,95,99,94,84,86
Cristiano Ronaldo ,FC 24 TOTS Plus ,96,ST,93,99,86,94,46,84
Zinedine Zidane ,FC 24 Future Stars Icon ,96,CM,85,92,97,96,78,86
Mia Hamm ,FC 24 TOTY Icon ,95,ST,94,95,88,94,57,83
Warren Zaire-Emery ,FC 24 TOTS ,95,CM,93,91,92,94,95,90
Sophia Smith ,FC 24 TOTY ,95,ST,97,92,88,95,52,90
Lauren Hemp ,FC 24 TOTS ,95,LM,99,90,93,96,75,82
Jamal Musiala ,FC 24 TOTS ,95,CAM,95,90,90,99,81,80
Ona Batlle ,FC 24 TOTY ,95,RB,95,80,87,90,91,84
Lena Oberdorf ,FC 24 TOTY ,95,CDM,84,72,87,86,92,95
Bukayo Saka ,FC 24 TOTS ,95,RW,95,92,91,96,77,83
Lea Schuller ,FC 24 TOTS ,95,ST,95,93,83,92,42,86
Ruben Dias ,FC 24 TOTY ,95,CB,88,45,81,83,95,93
Pele ,FC 24 Icon ,95,CAM,93,94,91,94,58,74
Sakina Karchaoui ,FC 24 TOTY ,95,LB,96,72,91,96,90,82
Rodri ,FC 24 TOTY ,95,CDM,88,84,88,90,95,93
Gianluigi Donnarumma ,FC 24 TOTS ,95,GK,96,91,88,95,72,92
Wendie Renard ,FC 24 TOTS Moments ,95,CB,88,74,80,80,97,92
Wendie Renard ,FC 24 TOTY ,95,CB,87,76,80,81,96,90
Alexandra Popp ,FC 24 TOTY ,95,ST,90,95,83,90,60,95
Alisson ,FC 24 TOTY ,95,GK,93,92,92,95,64,96
Grimaldo ,FC 24 TOTS ,95,LWB,97,90,94,97,91,88
Leon Goretzka ,FC 24 TOTS Moments ,95,CM,91,94,93,93,92,95
Mohamed Salah ,FC 24 TOTS ,95,RW,95,95,92,95,57,87
Marquinhos ,FC 24 TOTS Moments ,95,CB,90,59,87,80,95,92
Johan Cruyff ,FC 24 Non-Inform ,95,CF,92,93,92,95,46,77
Marco Reus ,FC 24 TOTS Moments ,95,CAM,92,95,95,96,64,85
Luka Modric ,FC 24 TOTS Live ,95,CM,88,89,96,95,87,84
Ronaldo Nazario ,FC 24 TOTY Icon ,95,ST,95,95,81,95,44,77
Ronaldinho ,FC 24 Future Stars Icon ,95,CAM,94,91,94,98,40,84
Cristiano Ronaldo ,FC 24 TOTY ,95,ST,92,97,85,93,45,83
Zinedine Zidane ,FC 24 Ultimate Dynasties Icon ,95,CAM,84,91,95,95,76,85
Birgit Prinz ,FC 24 GOLAZO Icon ,94,ST,90,94,85,88,54,91
Wesley Sneijder ,FC 24 Fantasy FC Hero ,94,CAM,90,91,96,92,62,85
Leicy Santos ,FC 24 TOTS Live ,94,CAM,93,89,94,95,76,89
Jairzinho ,FC 24 GOLAZO Icon ,94,RW,96,94,91,95,55,79
Selma Bacha ,FC 24 TOTS ,94,LB,95,82,93,90,88,90
Katharina Naschenweng ,FC 24 TOTS Plus ,94,LB,90,61,88,90,93,89
Niamh Charles ,FC 24 TOTS ,94,LB,94,81,93,90,90,83
Cole Palmer ,FC 24 TOTS ,94,RM,95,92,90,93,78,86
Ferenc Puskas ,FC 24 Non-Inform ,94,CF,92,96,92,93,47,78
Jeremie Frimpong ,FC 24 TOTY ,94,RWB,99,80,89,95,88,84
Rayan Cherki ,FC 24 TOTS Moments ,94,CAM,93,92,93,95,40,84
Mary Earps ,FC 24 TOTY ,94,GK,91,91,91,94,50,94
Khephren Thuram ,FC 24 TOTS Moments ,94,CM,90,92,90,90,95,91
Jeremy Doku ,FC 24 TOTS Live ,94,LW,99,88,90,97,47,89
Marie Katoto ,FC 24 TOTS ,94,ST,90,94,87,90,46,80
William Saliba ,FC 24 TOTS ,94,CB,88,50,80,84,93,89
Jonathan David ,FC 24 TOTS ,94,ST,96,94,89,92,48,91
Georgia Stanway ,FC 24 TOTS ,94,CDM,93,91,94,96,90,90
Luis Diaz ,FC 24 TOTS Moments ,94,LW,99,92,89,98,49,87
Erling Haaland ,FC 24 Ultimate Dynasties ,94,ST,93,96,72,86,53,94
Erling Haaland ,FC 24 Champions League Live ,94,ST,93,96,71,86,48,92
Paolo Maldini ,FC 24 Future Stars Icon ,94,CB,89,57,78,72,97,85
Millie Bright ,FC 24 TOTY ,94,CB,85,80,84,82,94,96
Phil Foden ,FC 24 TOTS ,94,CAM,94,91,94,96,73,80
Kai Havertz ,FC 24 TOTS Live ,94,CM,96,85,94,94,93,91
Gregor Kobel ,FC 24 TOTS ,94,GK,94,91,81,96,51,93
Alphonso Davies ,FC 24 TOTS Moments ,94,LB,99,86,91,95,88,90
Jadon Sancho ,FC 24 TOTS Moments ,94,LW,91,85,93,96,43,60
Theo Hernandez ,FC 24 TOTY ,94,LB,98,82,87,89,88,92
Ousmane Dembele ,FC 24 Fantasy FC ,94,ST,99,90,91,96,48,71
Bobby Charlton ,FC 24 GOLAZO Icon ,94,CAM,92,93,90,94,53,77
Dayot Upamecano ,FC 24 TOTS Moments ,94,CB,93,62,80,87,93,94
Kadidiatou Diani ,FC 24 TOTS ,94,RW,94,90,90,94,64,85
Gaetane Thiney ,FC 24 TOTS ,94,CAM,90,91,96,91,61,81
Camille Abily ,FC 24 FUT Birthday Icon ,94,CM,87,93,92,93,88,84
Camille Abily ,FC 24 FUT Birthday Icon ,94,CM,87,93,92,93,88,84
Alex Greenwood ,FC 24 TOTS ,94,CB,90,75,91,88,94,92
Alexandr Golovin ,FC 24 TOTS ,94,CF,92,93,91,95,78,84
Martin Odegaard ,FC 24 TOTS ,94,CM,89,90,94,94,76,80
N'Golo Kante ,FC 24 TOTS Moments ,94,CDM,90,74,83,88,94,86
Ruud Gullit ,FC 24 FUT Birthday Icon ,94,CF,91,92,93,91,86,91
Jonathan Tah ,FC 24 TOTS ,94,CB,85,50,71,81,92,94
Alisson ,FC 24 TOTS ,94,GK,93,92,92,96,64,94
Bruno Fernandes ,FC 24 TOTS Live ,94,CAM,86,93,95,90,81,86
Mohamed Salah ,FC 24 FUT Birthday ,94,ST,93,92,90,94,52,84
Mohamed Salah ,FC 24 FUT Birthday ,94,ST,93,92,90,94,52,84
Fred ,FC 24 TOTS Moments ,94,CM,90,84,94,95,91,89
Heung Min Son ,FC 24 TOTS ,94,ST,94,95,90,92,49,84
Gerd Muller ,FC 24 Non-Inform ,94,ST,89,95,78,87,47,77
Robert Lewandowski ,FC 24 Champions League Live ,94,ST,83,95,85,92,49,88
Angel Di Maria ,FC 24 TOTS Plus ,94,CF,92,90,98,98,59,80
Lionel Messi ,FC 24 FUT Birthday ,94,CF,87,92,93,97,37,70
Nemanja Vidic ,FC 24 GOLAZO Icon ,94,CB,85,80,72,68,96,95
Nani ,FC 24 TOTS Moments ,94,LW,91,91,92,94,55,86
Ronaldo Nazario ,FC 24 Icon ,94,ST,94,94,79,94,43,75
Didier Drogba ,FC 24 GOLAZO Icon ,94,ST,92,95,80,88,49,94
Ronaldinho ,FC 24 Non-Inform ,94,LW,92,90,92,96,39,82
Andrea Pirlo ,FC 24 FUT Birthday Icon ,94,CM,87,92,99,95,85,82
Cafu ,FC 24 GOLAZO Icon ,94,RWB,94,80,87,91,92,86
Hristo Stoichkov ,FC 24 FUT Birthday Icon ,94,ST,95,94,91,94,53,87
Thierry Henry ,FC 24 FUT Birthday Icon ,94,ST,97,93,86,93,55,84
Thierry Henry ,FC 24 FUT Birthday Icon ,94,ST,97,93,86,93,55,84
Zinedine Zidane ,FC 24 Icon ,94,CAM,83,90,94,94,73,84
Mia Hamm ,FC 24 Icon ,93,ST,92,93,86,92,54,81
Sonia Bompastor ,FC 24 Fantasy FC Hero ,93,LB,94,91,92,93,91,84
Saeed Al-Owairan ,FC 24 GOLAZO Hero ,93,RW,99,88,87,92,43,82
Glodis Perla Viggosdottir ,FC 24 TOTS Plus ,93,CB,85,64,77,81,95,87
Melvine Malard ,FC 24 TOTS Moments ,93,LW,92,91,90,95,51,81
Chloe Kelly ,FC 24 TOTS ,93,RW,97,91,93,93,55,83
Laia Aleixandri ,FC 24 TOTS Live ,93,CB,90,52,82,86,94,92
Joey Veerman ,FC 24 TOTS ,93,CM,88,86,97,92,85,94
Nico Schlotterbeck ,FC 24 TOTS ,93,CB,88,72,80,83,93,91
Victor Boniface ,FC 24 TOTS ,93,ST,93,94,87,91,60,96
Garrincha ,FC 24 Winter Wildcard Icon ,93,RW,90,86,93,96,41,68
Xavi Simons ,FC 24 TOTS ,93,CAM,96,90,91,93,76,88
Lois Openda ,FC 24 TOTS ,93,ST,99,91,85,91,44,90
Georgia Stanway ,FC 24 Fantasy FC ,93,CDM,90,89,92,94,88,88
Ewa Pajor ,FC 24 TOTS Plus ,93,ST,94,95,82,96,70,85
Rafael Leao ,FC 24 Europa League RTTF ,93,LW,98,89,86,95,37,85
Luis Diaz ,FC 24 Fantasy FC ,93,LW,99,91,88,97,47,86
Erling Haaland ,FC 24 Inform ,93,ST,91,95,70,84,47,90
Paolo Maldini ,FC 24 Ultimate Dynasties Icon ,93,CB,87,56,76,70,96,84
Lothar Matthaus ,FC 24 TOTY Icon ,93,CM,91,90,91,84,93,85
Roberto Carlos ,FC 24 GOLAZO Icon ,93,LB,94,86,86,85,88,90
Patrick Vieira ,FC 24 TOTY Icon ,93,CM,87,84,86,88,92,94
Dennis Bergkamp ,FC 24 FUT Birthday Icon ,93,CAM,87,92,88,92,38,80
Dennis Bergkamp ,FC 24 FUT Birthday Icon ,93,CAM,87,92,88,92,38,80
Lev Yashin ,FC 24 Winter Wildcard Icon ,93,CB,85,60,71,76,88,91
Declan Rice ,FC 24 Fantasy FC ,93,CDM,90,79,88,88,93,93
Gianluca Vialli ,FC 24 GOLAZO Hero ,93,ST,92,94,79,89,48,86
Kylian Mbappe ,FC 24 UCL TOTGS ,93,LW,98,92,84,94,40,81
Kylian Mbappe ,FC 24 Ligue 1 POTM ,93,ST,98,92,83,94,39,80
Romain Del Castillo ,FC 24 TOTS ,93,RW,93,88,91,93,58,84
Pierre Lees-Melou ,FC 24 TOTS ,93,CDM,91,89,93,91,88,91
Frenkie de Jong ,FC 24 FUT Birthday ,93,CM,88,83,91,93,87,86
Ferland Mendy ,FC 24 Fantasy FC ,93,LB,99,87,89,88,87,95
Amel Majri ,FC 24 TOTS Moments ,93,CAM,90,90,94,96,91,88
Ada Hegerberg ,FC 24 TOTS Plus ,93,ST,90,93,87,92,45,86
Fridolina Rolfo ,FC 24 Fantasy FC ,93,LB,91,90,93,95,92,89
Homare Sawa ,FC 24 TOTY Icon ,93,CM,86,88,93,93,85,80
George Best ,FC 24 TOTY Icon ,93,RW,93,91,86,94,61,73
Takumi Minamino ,FC 24 TOTS ,93,CF,94,85,95,93,62,83
Alex Morgan ,FC 24 FUT Birthday ,93,ST,90,93,86,93,51,83
Leroy Sane ,FC 24 TOTS ,93,RM,96,92,91,94,48,84
Ollie Watkins ,FC 24 TOTS ,93,ST,93,90,83,87,60,88
Lucas Hernandez ,FC 24 TOTS Moments ,93,CB,89,65,84,80,93,91
Kingsley Coman ,FC 24 TOTS Moments ,93,LM,96,90,92,95,43,80
Bruno Fernandes ,FC 24 Flashback ,93,CAM,82,92,94,88,80,82
Sadio Mane ,FC 24 FUT Birthday ,93,LM,94,90,86,93,55,84
Sadio Mane ,FC 24 FUT Birthday ,93,LM,94,90,86,93,55,84
Riyad Mahrez ,FC 24 TOTS Plus ,93,RM,95,93,93,97,46,76
Harry Kane ,FC 24 Inform ,93,ST,80,96,89,88,52,87
Harry Kane ,FC 24 UCL TOTGS ,93,ST,80,96,88,88,52,87
Harry Kane ,FC 24 TOTY Honourable Mention ,93,ST,80,96,88,88,52,87
Wilfried Zaha ,FC 24 TOTS Live ,93,LW,98,90,89,96,55,90
Alexandre Lacazette ,FC 24 TOTS ,93,ST,95,93,89,93,57,90
Kevin De Bruyne ,FC 24 FUT Birthday ,93,CM,82,91,96,90,77,81
Neymar Jr ,FC 24 Versus - Fire ,93,ST,89,90,89,96,41,68
Neymar Jr ,FC 24 Versus - Ice ,93,LW,91,87,90,97,41,66
Johan Cruyff ,FC 24 Icon ,93,CF,90,91,90,93,42,73
Sergio Busquets ,FC 24 TOTS Moments ,93,CDM,88,80,99,93,92,86
Pierre-Emerick Aubameyang ,FC 24 TOTS ,93,ST,96,94,88,90,45,88
Toby Alderweireld ,FC 24 TOTS Plus ,93,CB,89,74,89,83,95,93
Toni Kroos ,FC 24 Champions League RTTF ,93,CDM,87,89,96,90,86,87
Luka Modric ,FC 24 TOTY Honourable Mention ,93,CM,82,84,94,93,83,75
Luka Modric ,FC 24 Champions League Live ,93,CM,82,84,94,93,83,75
Carlos Alberto Torres ,FC 24 FUT Birthday Icon ,93,RB,91,66,85,87,90,88
Carlos Alberto Torres ,FC 24 FUT Birthday Icon ,93,RB,91,66,85,87,90,88
Zico ,FC 24 Future Stars Icon ,93,CAM,91,94,93,93,70,75
Karim Benzema ,FC 24 FUT Birthday ,93,CF,90,91,86,92,42,82
Karim Benzema ,FC 24 FUT Birthday ,93,CF,90,91,86,92,42,82
Lukas Podolski ,FC 24 TOTS Moments ,93,CF,90,95,91,91,55,95
Kaka ,FC 24 GOLAZO Icon ,93,CAM,93,89,90,94,49,76
Petr Cech ,FC 24 TOTY Icon ,93,GK,91,90,83,93,62,94
Raul ,FC 24 FUT Birthday Icon ,93,CF,91,94,88,91,48,80
Xabi Alonso ,FC 24 GOLAZO Icon ,93,CDM,85,86,93,90,90,90
Dimitar Berbatov ,FC 24 GOLAZO Hero ,93,ST,91,92,87,93,40,82
Ronaldinho ,FC 24 Icon ,93,LW,91,89,90,95,38,80
Ivan Cordoba ,FC 24 GOLAZO Hero ,93,CB,90,80,70,73,94,91
Rio Ferdinand ,FC 24 TOTY Icon ,93,CB,87,53,70,77,93,90
Bixente Lizarazu ,FC 24 Fantasy FC Hero ,93,LWB,94,67,87,88,89,88
Thierry Henry ,FC 24 Non-Inform ,93,ST,95,92,85,91,54,82
Birgit Prinz ,FC 24 Icon ,92,ST,83,92,80,82,52,88
Carlos Tevez ,FC 24 Fantasy FC Hero ,92,ST,91,93,87,92,51,93
Steve McManaman ,FC 24 Fantasy FC Hero ,92,RW,94,85,89,92,51,84
Natasha Kowalski ,FC 24 TOTS Plus ,92,CAM,88,90,91,90,62,84
Mayra Ramirez ,FC 24 TOTS Live ,92,ST,96,90,83,92,41,93
Tiago Santos ,FC 24 TOTS ,92,RB,99,74,85,93,85,82
Kobbie Mainoo ,FC 24 TOTS Moments ,92,CDM,90,86,92,86,86,85
Alejandro Garnacho ,FC 24 TOTS Moments ,92,LW,96,88,89,93,52,75
Lucio ,FC 24 Fantasy FC Hero ,92,CB,86,75,82,84,94,92
Park Ji Sung ,FC 24 GOLAZO Hero ,92,CM,91,86,89,94,84,88
Katie Zelem ,FC 24 TOTS Plus ,92,CDM,85,87,92,90,90,86
Barbara Dunst ,FC 24 TOTS Moments ,92,CM,85,81,90,91,88,81
Jurgen Kohler ,FC 24 GOLAZO Hero ,92,CB,84,81,81,83,93,92
Chloe Kelly ,FC 24 Fantasy FC ,92,RW,96,90,92,92,54,81
Ferenc Puskas ,FC 24 Icon ,92,CF,90,94,89,91,45,74
Nuno Mendes ,FC 24 TOTS Moments ,92,LB,94,80,86,88,90,89
Pedri ,FC 24 Champions League RTTF ,92,CM,86,78,88,94,79,82
Vincent Kompany ,FC 24 Fantasy FC Hero ,92,CB,86,65,77,77,94,91
Ian Wright ,FC 24 FUT Birthday Icon ,92,ST,95,92,83,91,50,82
Ian Wright ,FC 24 FUT Birthday Icon ,92,ST,95,92,83,91,50,82
Garrincha ,FC 24 Icon ,92,RW,89,85,92,94,40,66
David Hancko ,FC 24 TOTS Plus ,92,CB,90,76,84,86,91,93
Bukayo Saka ,FC 24 FUT Birthday ,92,RW,93,90,89,95,70,80
Bukayo Saka ,FC 24 FUT Birthday ,92,RW,93,90,89,95,70,80
Marie Katoto ,FC 24 Non-Inform ,92,ST,87,92,84,88,43,76
Julian Alvarez ,FC 24 TOTS ,92,CF,91,93,88,93,70,87
Clara Mateo ,FC 24 TOTS Plus ,92,RM,93,91,91,92,70,81
Jordan Teze ,FC 24 TOTS Live ,92,RB,90,73,87,83,92,92
Mohammed Kudus ,FC 24 TOTS Live ,92,RM,98,86,83,96,76,87
Eusebio ,FC 24 Non-Inform ,92,CF,93,93,85,92,46,79
Chris Fuhrich ,FC 24 Fantasy FC ,92,LW,94,90,91,94,66,78
Yann Aurel Bisseck ,FC 24 TOTS Live ,92,CB,89,72,82,89,92,95
Aitana Bonmati ,FC 24 Inform ,92,CM,84,87,86,93,77,76
Alexis Mac Allister ,FC 24 TOTS ,92,CM,87,91,92,93,84,85
Erling Haaland ,FC 24 Inform ,92,ST,90,94,68,82,46,89
Vini Jr. ,FC 24 Non-Inform ,92,LW,98,86,82,93,32,74
Vini Jr. ,FC 24 TOTY Honourable Mention ,92,ST,98,86,82,93,32,74
Paolo Maldini ,FC 24 Icon ,92,CB,85,55,74,69,95,82
Roberto Carlos ,FC 24 Future Stars Icon ,92,LB,93,85,85,83,87,88
Dennis Bergkamp ,FC 24 Winter Wildcard Icon ,92,CM,85,78,92,88,74,75
Lev Yashin ,FC 24 Icon ,92,GK,93,89,75,94,60,93
Phil Foden ,FC 24 FUT Birthday ,92,CAM,92,89,92,94,71,75
Ibrahima Konate ,FC 24 TOTS ,92,CB,88,46,78,86,92,92
Patri Guijarro ,FC 24 Non-Inform ,92,CM,84,86,88,91,86,78
Dominik Szoboszlai ,FC 24 TOTS Live ,92,CM,93,94,95,92,45,80
Matthijs de Ligt ,FC 24 Fantasy FC ,92,CB,86,68,73,78,92,93
Raphinha ,FC 24 TOTS Live ,92,RW,98,88,92,93,63,85
Cristian Romero ,FC 24 TOTS Live ,92,CB,85,57,73,77,94,91
Christopher Nkunku ,FC 24 TOTS Moments ,92,CF,91,90,90,94,78,79
Victor Osimhen ,FC 24 Champions League Live ,92,ST,94,91,74,88,46,87
Kylian Mbappe ,FC 24 Trailblazers ,92,ST,98,91,81,93,37,79
Kylian Mbappe ,FC 24 Inform ,92,LW,98,91,81,93,38,80
Kylian Mbappe ,FC 24 Ligue 1 POTM ,92,ST,98,91,82,93,38,79
Exequiel Palacios ,FC 24 TOTS ,92,CM,88,88,89,90,92,88
Lindsey Horan ,FC 24 WCL RTTF ,92,CM,90,91,92,91,69,86
Gianluigi Donnarumma ,FC 24 Champions League RTTF ,92,GK,95,90,87,94,59,91
Bobby Charlton ,FC 24 Icon ,92,CAM,90,91,87,91,50,74
Aaron Wan-Bissaka ,FC 24 Flashback ,92,RB,90,70,84,85,93,92
Kadidiatou Diani ,FC 24 Non-Inform ,92,RW,92,88,87,91,60,83
Kadidiatou Diani ,FC 24 TOTY Honourable Mention ,92,RW,92,88,87,91,60,83
Amel Majri ,FC 24 Fantasy FC ,92,CM,88,89,93,95,90,87
Guro Reiten ,FC 24 WCL RTTF ,92,LW,93,88,90,92,65,68
Alexia Putellas ,FC 24 Winter Wildcard ,92,CM,83,91,92,93,74,80
Caroline Graham Hansen ,FC 24 Inform ,92,RW,91,89,90,92,50,79
Nadine Kessler ,FC 24 Fantasy FC Hero ,92,CM,88,91,92,91,82,83
Alex Morgan ,FC 24 Player Moments ,92,ST,88,92,84,91,50,82
Ruben Neves ,FC 24 TOTS ,92,CDM,87,94,95,90,89,87
Serhou Guirassy ,FC 24 TOTS ,92,ST,92,94,90,92,55,94
Gary Lineker ,FC 24 GOLAZO Icon ,92,ST,92,91,81,90,44,79
Ruben Loftus-Cheek ,FC 24 TOTS Live ,92,CAM,87,88,92,93,85,91
Joshua Kimmich ,FC 24 Champions League RTTF ,92,CDM,86,78,92,88,87,84
Timo Werner ,FC 24 Fantasy FC ,92,ST,98,91,88,91,46,88
Salem Al Dawsari ,FC 24 TOTS Plus ,92,LM,99,88,88,95,66,93
Leon Goretzka ,FC 24 FUT Birthday ,92,CM,87,91,90,90,88,92
Leon Goretzka ,FC 24 FUT Birthday ,92,CM,87,91,90,90,88,92
Mohamed Salah ,FC 24 Winter Wildcard ,92,ST,91,92,83,90,48,86
Mohamed Salah ,FC 24 Inform ,92,RW,92,91,86,91,49,82
Mohamed Salah ,FC 24 TOTY Honourable Mention ,92,RW,92,91,86,91,49,82
Jamie Vardy ,FC 24 TOTS Moments ,92,ST,90,96,84,91,66,83
Lucas Vazquez ,FC 24 TOTS Live ,92,RB,94,87,92,93,86,83
Harry Kane ,FC 24 Trailblazers ,92,ST,78,95,87,86,51,85
Harry Kane ,FC 24 Inform ,92,ST,72,95,87,86,51,86
Granit Xhaka ,FC 24 TOTS ,92,CDM,84,85,95,87,87,92
Kevin De Bruyne ,FC 24 Centurions ,92,CM,78,90,95,88,66,80
Romelu Lukaku ,FC 24 Europa League RTTF ,92,ST,93,94,88,92,48,94
Marco van Basten ,FC 24 Winter Wildcard Icon ,92,CAM,84,87,90,88,40,72
David Ginola ,FC 24 GOLAZO Hero ,92,LM,96,90,90,94,60,87
Emilio Butragueno ,FC 24 FUT Birthday Icon ,92,ST,95,92,83,94,43,72
Neymar Jr ,FC 24 Non-Inform ,92,CAM,89,87,89,96,41,66
Gerd Muller ,FC 24 Icon ,92,ST,87,92,76,85,44,74
Socrates ,FC 24 FUT Birthday Icon ,92,CAM,90,91,92,93,46,85
Robert Lewandowski ,FC 24 Inform ,92,ST,80,93,84,89,46,87
Robert Lewandowski ,FC 24 La Liga POTM ,92,ST,83,93,83,90,47,88
Mario Balotelli ,FC 24 TOTS Moments ,92,ST,91,90,89,94,41,96
Ramires ,FC 24 Fantasy FC Hero ,92,CM,93,87,88,89,91,90
Fernando Muslera ,FC 24 TOTS ,92,GK,88,92,84,89,65,95
Eric Cantona ,FC 24 GOLAZO Icon ,92,CF,92,92,88,92,53,92
Zico ,FC 24 Non-Inform ,92,CAM,90,93,92,92,65,73
Hugo Sanchez ,FC 24 FUT Birthday Icon ,92,ST,94,90,83,94,44,76
Hugo Sanchez ,FC 24 FUT Birthday Icon ,92,ST,94,90,83,94,44,76
Karim Benzema ,FC 24 Radioactive ,92,CF,83,90,85,90,41,81
Lionel Messi ,FC 24 Radioactive ,92,CF,82,88,91,95,35,68
Franck Ribery ,FC 24 TOTY Icon ,92,LW,92,90,90,92,42,72
Phillip Lahm ,FC 24 TOTY Icon ,92,RB,91,72,87,87,92,80
Edwin van der Sar ,FC 24 FUT Birthday Icon ,92,GK,89,91,85,90,46,96
Raul ,FC 24 Winter Wildcard Icon ,92,ST,88,92,82,90,47,75
Ashley Cole ,FC 24 GOLAZO Icon ,92,LB,92,81,88,88,91,85
Ruud van Nistelrooy ,FC 24 FUT Birthday Icon ,92,ST,94,92,85,87,41,84
Tomas Rosicky ,FC 24 GOLAZO Hero ,92,CAM,92,87,92,95,64,78
Andrea Pirlo ,FC 24 Non-Inform ,92,CM,80,83,95,91,71,70
Casillas ,FC 24 Non-Inform ,92,GK,92,91,87,95,61,91
Frank Lampard ,FC 24 GOLAZO Icon ,92,CM,86,93,91,90,82,86
Cafu ,FC 24 Non-Inform ,92,RWB,91,58,85,86,89,84
Rivaldo ,FC 24 Future Stars Icon ,92,CAM,92,91,90,94,45,77
Ricardo Carvalho ,FC 24 Fantasy FC Hero ,92,CB,85,65,80,84,94,88
Zinedine Zidane ,FC 24 Ultimate Dynasties Icon ,92,CAM,85,86,90,90,70,87
Marcel Desailly ,FC 24 GOLAZO Icon ,92,CB,86,80,70,71,92,92
Roberto Baggio ,FC 24 Future Stars Icon ,92,CAM,87,88,91,92,52,64
Alessandro Nesta ,FC 24 FUT Birthday Icon ,92,CB,81,47,66,74,95,87
Javier Zanetti ,FC 24 FUT Birthday Icon ,92,RB,92,64,87,87,90,83
Javier Zanetti ,FC 24 FUT Birthday Icon ,92,RB,92,64,87,87,90,83
Birgit Prinz ,FC 24 GOLAZO Icon ,91,ST,89,91,82,85,50,90
Enzo Francescoli ,FC 24 GOLAZO Hero ,91,CF,91,92,87,93,46,75
Wesley Sneijder ,FC 24 Non-Inform ,91,CAM,85,87,93,89,56,80
Kinga Szemik ,FC 24 TOTS Plus ,91,GK,93,90,92,93,75,91
Harry Kewell ,FC 24 GOLAZO Hero ,91,LW,94,89,92,92,57,74
Khiara Keating ,FC 24 TOTS Plus ,91,GK,91,91,92,93,80,91
Morgan Weaver ,FC 24 TOTS Live ,91,LW,94,91,91,91,57,89
Selma Bacha ,FC 24 Future Stars ,91,LB,92,80,90,87,85,86
Lauren James ,FC 24 Future Stars ,91,ST,92,86,89,93,41,88
Katie McCabe ,FC 24 TOTS ,91,LB,91,84,86,85,88,89
Ines Benyahia ,FC 24 TOTS ,91,ST,90,86,88,94,84,85
Robin van Persie ,FC 24 GOLAZO Icon ,91,ST,90,94,87,91,50,78
Paulina Krumbiegel ,FC 24 TOTS Moments ,91,RB,94,80,87,92,84,85
Alessia Russo ,FC 24 TOTS Moments ,91,ST,90,88,80,91,46,81
Isaak Toure ,FC 24 Showdown Winner ,91,CB,86,61,82,85,90,95
Cole Palmer ,FC 24 Future Stars ,91,CAM,94,90,88,91,76,85
Lauren Hemp ,FC 24 Future Stars ,91,LW,95,84,89,93,70,75
Jamal Musiala ,FC 24 TOTY Honourable Mention ,91,CAM,90,83,84,95,70,67
Piero Hincapie ,FC 24 TOTS Live ,91,CB,91,54,81,85,92,91
Ronald Araujo ,FC 24 FUT Birthday ,91,CB,86,55,75,70,91,90
Gianluca Zambrotta ,FC 24 FUT Birthday Icon ,91,RB,92,77,85,87,89,87
Klara Buhl ,FC 24 TOTS ,91,LM,95,93,87,90,42,80
Geyse ,FC 24 Fantasy FC ,91,ST,95,90,87,94,48,96
Adriana ,FC 24 TOTS Live ,91,ST,94,92,88,91,52,82
Kenny Dalglish ,FC 24 Non-Inform ,91,ST,91,92,79,90,44,75
Edmond Tapsoba ,FC 24 TOTS Moments ,91,CB,85,63,75,83,91,87
Leif Davis ,FC 24 TOTS Plus ,91,LB,99,75,83,87,84,85
Bukayo Saka ,FC 24 UCL TOTGS ,91,RW,92,88,87,94,67,78
Bukayo Saka ,FC 24 Champions League Live ,91,RW,92,87,86,93,66,77
Mykhailo Mudryk ,FC 24 FUT Birthday ,91,LW,97,87,85,91,62,75
Mykhailo Mudryk ,FC 24 FUT Birthday ,91,LW,97,87,85,91,62,75
Jean-Clair Todibo ,FC 24 TOTS Moments ,91,CB,91,57,78,83,92,91
Alessandro Buongiorno ,FC 24 Fantasy FC ,91,CB,86,59,85,84,91,90
Sol Campbell ,FC 24 GOLAZO Icon ,91,CB,87,80,81,80,91,92
Eusebio ,FC 24 Icon ,91,CF,92,92,84,91,44,77
Miroslav Klose ,FC 24 FUT Birthday Icon ,91,ST,91,91,81,86,43,82
Joao Felix ,FC 24 Showdown Winner ,91,LW,94,91,90,94,48,80
Aitana Bonmati ,FC 24 Centurions ,91,CM,82,85,84,92,77,75
Aitana Bonmati ,FC 24 Inform ,91,CM,82,86,84,92,76,75
Aurelien Tchouameni ,FC 24 FUT Birthday ,91,CDM,87,84,86,86,91,89
Jonathan Clauss ,FC 24 TOTS Live ,91,RB,96,80,87,88,86,84
Erling Haaland ,FC 24 Non-Inform ,91,ST,89,93,66,80,45,88
Vini Jr. ,FC 24 La Liga POTM ,91,ST,97,85,81,92,31,72
Laurent Blanc ,FC 24 FUT Birthday Icon ,91,CB,83,70,71,80,93,90
Laurent Blanc ,FC 24 FUT Birthday Icon ,91,CB,83,70,71,80,93,90
Alessandro Del Piero ,FC 24 Winter Wildcard Icon ,91,CAM,84,91,90,92,43,67
Reece James ,FC 24 FUT Birthday ,91,RB,91,83,91,87,88,88
Facundo Medina ,FC 24 TOTS ,91,CB,87,45,83,80,92,89
Douglas Luiz ,FC 24 TOTS ,91,CM,89,89,92,88,87,85
Federico Chiesa ,FC 24 Fantasy FC ,91,LM,97,90,85,94,60,84
Lieke Martens ,FC 24 Fantasy FC ,91,CAM,90,92,92,94,52,80
Vivianne Miedema ,FC 24 Fantasy FC ,91,ST,89,91,80,92,37,88
Gianluca Vialli ,FC 24 Non-Inform ,91,ST,90,91,74,85,44,82
Marcel Hartel ,FC 24 TOTS Plus ,91,CM,90,90,88,93,60,80
Gabriel ,FC 24 TOTS ,91,CB,84,50,75,81,92,91
Benjamin White ,FC 24 TOTS ,91,RB,88,68,85,88,91,89
Rodri ,FC 24 Versus - Fire ,91,CDM,83,81,82,82,88,86
Rodri ,FC 24 Versus - Ice ,91,CM,86,76,85,87,86,85
Kylian Mbappe ,FC 24 Non-Inform ,91,ST,97,90,80,92,36,78
Lautaro Martinez ,FC 24 Champions League RTTF ,91,ST,89,92,77,90,53,89
Donyell Malen ,FC 24 TOTS ,91,RM,96,90,86,93,45,84
Gabriel Jesus ,FC 24 Champions League RTTF ,91,ST,91,90,87,94,47,87
Denis Zakaria ,FC 24 TOTS Moments ,91,CDM,90,87,88,87,90,92
Ada Hegerberg ,FC 24 FUT Birthday ,91,ST,88,92,86,90,42,85
Ada Hegerberg ,FC 24 FUT Birthday ,91,ST,88,92,86,90,42,85
Kelly Smith ,FC 24 Future Stars Icon ,91,ST,90,92,88,92,49,80
Lucy Bronze ,FC 24 WCL RTTF ,91,RB,87,72,88,86,89,91
Alexia Putellas ,FC 24 Nike MAD Ready ,91,CM,82,90,91,92,72,78
Alexia Putellas ,FC 24 Non-Inform ,91,CM,82,90,91,92,72,78
Sam Kerr ,FC 24 Radioactive ,91,ST,86,89,77,91,43,86
Caroline Graham Hansen ,FC 24 Trailblazers ,91,RW,90,87,89,91,48,76
Caroline Graham Hansen ,FC 24 Inform ,91,RW,90,88,89,91,48,77
Homare Sawa ,FC 24 Icon ,91,CM,84,87,91,91,83,76
Steph Houghton ,FC 24 SBC Special ,91,CB,91,61,85,86,91,89
Nordi Mukiele ,FC 24 Showdown Winner ,91,RB,95,63,92,91,89,89
Jarrod Bowen ,FC 24 TOTS ,91,ST,92,90,88,92,56,83
Luciano Acosta ,FC 24 TOTS ,91,CAM,94,86,87,97,60,78
Said Benrahma ,FC 24 Showdown Winner ,91,LM,94,91,88,95,53,76
Bernardo Silva ,FC 24 Non-Inform ,91,CM,81,82,89,95,74,72
Bernardo Silva ,FC 24 TOTY Honourable Mention ,91,CM,81,82,89,95,74,72
Allan Saint-Maximin ,FC 24 TOTS Live ,91,LM,98,87,86,95,40,80
N'Golo Kante ,FC 24 Flashback ,91,CDM,86,70,80,84,91,81
Gary Lineker ,FC 24 Winter Wildcard Icon ,91,LW,90,86,75,89,43,75
Ruud Gullit ,FC 24 Non-Inform ,91,CF,86,89,90,87,82,88
Kingsley Coman ,FC 24 FUT Birthday ,91,LM,94,88,90,93,40,77
Nabil Bentaleb ,FC 24 TOTS ,91,CDM,88,89,91,88,88,90
Niklas Sule ,FC 24 Champions League RTTF ,91,CB,86,58,76,74,91,91
Chancel Mbemba ,FC 24 TOTS ,91,CB,87,66,76,81,91,92
Mohamed Salah ,FC 24 Trailblazers ,91,RW,91,90,83,90,47,79
Mohamed Salah ,FC 24 Premier League POTM ,91,RW,91,90,84,90,47,80
Mohamed Salah ,FC 24 Inform ,91,RW,91,90,84,90,47,81
Sebastien Haller ,FC 24 Showdown Winner ,91,ST,90,93,86,91,60,91
Lucas Ocampos ,FC 24 Showdown Winner ,91,RW,90,93,88,92,73,95
Willi Orban ,FC 24 Fantasy FC ,91,CB,87,45,67,66,94,92
Virgil van Dijk ,FC 24 Inform ,91,CB,80,62,75,76,91,88
Virgil van Dijk ,FC 24 Winter Wildcard ,91,CB,80,63,75,75,91,88
Eric Dier ,FC 24 Showdown Winner ,91,CB,87,72,82,79,92,95
Harry Kane ,FC 24 Inform ,91,ST,70,94,86,85,50,84
Casemiro ,FC 24 FUT Birthday ,91,CDM,83,81,84,81,91,90
Heung Min Son ,FC 24 FUT Birthday ,91,ST,92,93,88,90,47,77
Antoine Griezmann ,FC 24 Fantasy FC ,91,ST,86,92,92,91,63,80
Kevin De Bruyne ,FC 24 Non-Inform ,91,CM,72,88,94,87,65,78
Iago Aspas ,FC 24 Fantasy FC ,91,ST,91,92,89,93,45,86
Marco van Basten ,FC 24 Icon ,91,ST,84,92,74,87,37,73
Thibaut Courtois ,FC 24 Winter Wildcard ,91,ST,86,90,76,89,54,91
Bobby Moore ,FC 24 Winter Wildcard Icon ,91,CB,74,63,83,99,93,84
Robert Lewandowski ,FC 24 Inform ,91,ST,77,92,82,88,45,85
Marco Reus ,FC 24 FUT Birthday ,91,CAM,88,91,91,92,60,80
Ilkay Gundogan ,FC 24 Fantasy FC ,91,CM,87,90,92,93,83,84
Moussa Sissoko ,FC 24 Flashback ,91,CM,87,82,88,91,91,94
Willian ,FC 24 FC Pro Live ,91,LM,93,91,91,94,65,72
Jan Vertonghen ,FC 24 TOTS ,91,CB,88,73,86,82,93,92
Hugo Lloris ,FC 24 SBC Special ,91,GK,91,90,82,92,74,90
Carlos Alberto Torres ,FC 24 Icon ,91,RB,89,64,80,84,88,85
Franco Baresi ,FC 24 Icon ,91,CB,73,48,75,70,94,83
Zico ,FC 24 Icon ,91,CAM,89,92,91,91,62,71
Hugo Sanchez ,FC 24 Winter Wildcard Icon ,91,LW,91,88,82,93,43,75
Gheorghe Hagi ,FC 24 FUT Birthday Icon ,91,CAM,90,89,91,92,62,80
Karim Benzema ,FC 24 Inform ,91,ST,81,89,84,88,40,80
Lionel Messi ,FC 24 Inform ,91,CF,82,88,91,95,35,66
Javier Mascherano ,FC 24 Fantasy FC Hero ,91,CDM,82,58,82,82,91,88
Nemanja Vidic ,FC 24 GOLAZO Icon ,91,CB,83,80,68,66,94,93
Kaka ,FC 24 Non-Inform ,91,CAM,91,87,88,92,46,74
Bastian Schweinsteiger ,FC 24 FUT Birthday Icon ,91,CM,82,86,90,86,86,86
Bastian Schweinsteiger ,FC 24 FUT Birthday Icon ,91,CM,82,86,90,86,86,86
Pepe ,FC 24 TOTS Moments ,91,CB,86,63,72,74,91,98
Wayne Rooney ,FC 24 Future Stars Icon ,91,ST,94,92,84,89,56,89
Michael Essien ,FC 24 GOLAZO Icon ,91,CDM,88,89,86,85,91,91
Didier Drogba ,FC 24 Winter Wildcard Icon ,91,ST,89,92,76,82,46,91
Cristiano Ronaldo ,FC 24 Winter Wildcard ,91,ST,87,93,80,89,39,78
Yaya Toure ,FC 24 Fantasy FC Hero ,91,CDM,85,88,91,89,87,93
Steven Gerrard ,FC 24 Future Stars Icon ,91,CM,85,91,91,86,80,85
Andriy Shevchenko ,FC 24 Future Stars Icon ,91,ST,91,92,84,89,38,77
Xavi ,FC 24 TOTY Icon ,91,CM,86,82,97,95,76,76
Ruud van Nistelrooy ,FC 24 Winter Wildcard Icon ,91,GK,84,89,83,85,67,90
Cafu ,FC 24 Icon ,91,RWB,90,56,83,85,88,83
Rivaldo ,FC 24 Ultimate Dynasties Icon ,91,LW,90,90,88,92,44,76
Claude Makelele ,FC 24 FUT Birthday Icon ,91,CDM,85,70,81,85,90,91
Thierry Henry ,FC 24 Icon ,91,ST,93,90,82,89,51,78
Ludovic Giuly ,FC 24 Fantasy FC Hero ,91,RM,93,89,90,92,54,65
Gianfranco Zola ,FC 24 TOTY Icon ,91,CF,90,92,90,93,45,69
Fabio Cannavaro ,FC 24 Future Stars Icon ,91,CB,83,60,71,72,94,85
Roberto Baggio ,FC 24 Icon ,91,CAM,84,82,90,91,38,60
Alessandro Nesta ,FC 24 Non-Inform ,91,CB,79,46,65,72,94,86
Rui Costa ,FC 24 Fantasy FC Hero ,91,CAM,88,86,91,89,47,83
Robbie Keane ,FC 24 GOLAZO Hero ,91,ST,92,93,81,93,49,82
David Beckham ,FC 24 Future Stars Icon ,91,RM,90,87,94,87,80,81
Alan Shearer ,FC 24 Winter Wildcard Icon ,91,CAM,87,90,87,83,49,80
Carlos Tevez ,FC 24 Non-Inform ,90,ST,88,91,83,89,48,91
Bobby Clark ,FC 24 Showdown Winner ,90,CM,88,88,91,87,86,86
Warren Zaire-Emery ,FC 24 Future Stars ,90,CM,90,80,87,90,85,87
Archie Gray ,FC 24 TOTS Plus ,90,CM,92,82,89,92,86,87
Wlodzimierz Smolarek ,FC 24 Fantasy FC Hero ,90,ST,95,91,86,94,45,90
Jairzinho ,FC 24 Non-Inform ,90,RW,92,90,86,91,50,75
Alejandro Garnacho ,FC 24 Future Stars ,90,LW,94,85,84,91,51,74
Rosemonde Kouassi ,FC 24 TOTS Moments ,90,ST,96,90,74,86,50,80
Tomas Brolin ,FC 24 Fantasy FC Hero ,90,ST,90,91,87,93,62,74
Saeed Al-Owairan ,FC 24 GOLAZO Hero ,90,RW,95,87,86,91,40,81
Park Ji Sung ,FC 24 GOLAZO Hero ,90,LM,89,84,87,91,82,86
Elisabeth Terland ,FC 24 TOTS Live ,90,ST,93,90,88,90,53,86
Julie Pasquereau ,FC 24 Fantasy FC ,90,CB,86,50,78,76,91,89
Selma Bacha ,FC 24 Non-Inform ,90,LB,90,77,88,86,83,84
Nicole Anyomi ,FC 24 TOTS ,90,ST,93,90,83,90,66,92
Bradley Locko ,FC 24 TOTS ,90,LB,90,84,87,87,92,87
Lotte Wubben-Moy ,FC 24 TOTS Plus ,90,CB,84,65,88,87,90,88
Claudia Pina ,FC 24 Future Stars ,90,CAM,86,90,87,89,51,74
Diego Milito ,FC 24 Non-Inform ,90,ST,86,91,78,87,45,82
Jurgen Kohler ,FC 24 GOLAZO Hero ,90,CB,82,80,73,74,92,91
Rob Apter ,FC 24 TOTS Plus ,90,CAM,89,85,88,93,80,80
Yan Couto ,FC 24 Fantasy FC ,90,RWB,95,82,83,93,86,84
Gabri Veiga ,FC 24 TOTS Live ,90,CM,90,93,91,91,79,80
Ronnie Edwards ,FC 24 TOTS Plus ,90,CB,87,50,75,81,88,90
Lauren Hemp ,FC 24 Non-Inform ,90,LW,94,82,88,92,68,73
Jamal Musiala ,FC 24 UCL TOTGS ,90,CAM,89,82,82,94,67,66
Omar Marmoush ,FC 24 Fantasy FC ,90,ST,98,89,83,94,46,84
Amine Adli ,FC 24 Fantasy FC ,90,ST,92,90,88,92,53,87
Darwin Nunez ,FC 24 Europa League RTTF ,90,ST,94,89,84,87,52,92
Ansu Fati ,FC 24 Europa League RTTF ,90,LW,98,89,85,93,44,70
Wilfried Singo ,FC 24 Fantasy FC ,90,RWB,96,84,85,90,87,89
Karim Adeyemi ,FC 24 TOTS Moments ,90,LM,99,87,81,90,44,80
Sergino Dest ,FC 24 TOTS Plus ,90,RB,97,74,88,96,85,86
Lena Oberdorf ,FC 24 Ultimate Dynasties ,90,CDM,76,64,78,77,88,90
Ian Maatsen ,FC 24 Fantasy FC ,90,LB,96,75,84,90,87,85
Ian Wright ,FC 24 Winter Wildcard Icon ,90,RW,91,86,76,89,49,72
Merle Frohms ,FC 24 TOTS ,90,GK,91,90,83,90,60,92
Victor Boniface ,FC 24 Future Stars ,90,ST,89,91,84,88,54,93
Silas ,FC 24 Flashback ,90,RM,95,88,85,93,60,86
Kim Little ,FC 24 Non-Inform ,90,CM,84,83,87,94,66,74
Beth Mead ,FC 24 FUT Birthday ,90,LM,90,88,88,90,71,81
Mohamed Simakan ,FC 24 TOTS ,90,CB,87,58,80,82,91,91
Rodrygo ,FC 24 FUT Birthday ,90,RW,93,88,86,93,36,74
Rodrygo ,FC 24 FUT Birthday ,90,RW,93,88,86,93,36,74
Jonathan David ,FC 24 FUT Birthday ,90,ST,92,91,84,89,45,86
Lois Openda ,FC 24 FUT Birthday ,90,ST,98,87,81,87,41,86
Lois Openda ,FC 24 FUT Birthday ,90,ST,98,87,81,87,41,86
Pedro Porro ,FC 24 Fantasy FC ,90,RB,93,84,86,90,87,88
Hidetoshi Nakata ,FC 24 GOLAZO Hero ,90,CAM,90,89,87,92,77,71
Miroslav Klose ,FC 24 Winter Wildcard Icon ,90,CDM,84,60,78,79,88,80
Ewa Pajor ,FC 24 FUT Birthday ,90,ST,91,92,71,93,66,80
Aitana Bonmati ,FC 24 Non-Inform ,90,CM,81,84,83,91,75,73
Nicolas Gonzalez ,FC 24 Europa Conference RTTF ,90,RW,96,88,87,92,54,75
Jan-Niklas Beste ,FC 24 TOTS ,90,LM,92,90,87,90,84,79
Eder Militao ,FC 24 FUT Birthday ,90,CB,88,55,74,77,91,88
Ruben Dias ,FC 24 Trailblazers ,90,CB,65,40,68,70,90,88
Henrik Larsson ,FC 24 FUT Birthday Icon ,90,ST,91,90,80,88,48,80
Federico Valverde ,FC 24 Inform ,90,CM,90,85,87,86,84,84
Federico Valverde ,FC 24 Radioactive ,90,CM,90,84,87,86,83,84
Federico Valverde ,FC 24 TOTY Honourable Mention ,90,CM,90,84,87,86,83,84
Vini Jr. ,FC 24 Inform ,90,ST,96,83,80,91,30,70
Paolo Maldini ,FC 24 Ultimate Dynasties Icon ,90,CB,87,58,76,78,90,77
Lothar Matthaus ,FC 24 Icon ,90,CM,88,87,88,81,89,82
Roberto Carlos ,FC 24 Icon ,90,LB,91,83,83,80,85,86
Dennis Bergkamp ,FC 24 Icon ,90,CF,83,89,84,88,35,76
Puyol ,FC 24 Future Stars Icon ,90,CB,80,47,73,76,92,90
Alessandro Del Piero ,FC 24 Icon ,90,CF,83,90,87,91,41,66
Pervis Estupinan ,FC 24 TOTS Moments ,90,LB,92,82,85,85,88,86
Phil Foden ,FC 24 Inform ,90,CAM,90,87,91,93,63,67
Randal Kolo Muani ,FC 24 FUT Birthday ,90,ST,95,89,83,91,45,77
Kiernan Dewsbury-Hall ,FC 24 TOTS ,90,CM,87,80,90,90,86,91
Alessandro Bastoni ,FC 24 Showdown Winner ,90,CB,84,42,82,82,92,89
Nathan Tella ,FC 24 Europa League RTTF ,90,RW,97,87,88,90,54,76
Grace Geyoro ,FC 24 FUT Birthday ,90,CM,84,80,87,90,90,85
Grace Geyoro ,FC 24 FUT Birthday ,90,CM,84,80,87,90,90,85
Mapi Leon ,FC 24 FUT Birthday ,90,CB,84,76,88,86,92,85
Ferdi Kadioglu ,FC 24 TOTS ,90,LB,93,76,86,93,88,85
Sakina Karchaoui ,FC 24 FUT Birthday ,90,LB,94,80,87,91,87,79
Sakina Karchaoui ,FC 24 FUT Birthday ,90,LB,94,80,87,91,87,79
Leila Ouahabi ,FC 24 Showdown Winner ,90,LB,90,74,84,86,88,84
Christopher Nkunku ,FC 24 Winter Wildcard ,90,ST,87,86,87,92,66,71
Victor Osimhen ,FC 24 Inform ,90,ST,92,89,70,87,44,85
Rose Lavelle ,FC 24 FUT Birthday ,90,CAM,90,83,87,91,47,75
Rose Lavelle ,FC 24 FUT Birthday ,90,CAM,90,83,87,91,47,75
Mallory Swanson ,FC 24 FUT Birthday ,90,LW,96,87,87,91,46,75
Marcus Rashford ,FC 24 Versus - Fire ,90,RW,94,91,85,91,50,82
Marcus Rashford ,FC 24 Versus - Ice ,90,ST,93,93,82,89,54,82
Simon Banza ,FC 24 TOTS Plus ,90,ST,90,90,74,90,44,90
Ousmane Dembele ,FC 24 Champions League Live ,90,RW,97,82,86,91,42,62
Gianluigi Donnarumma ,FC 24 Inform ,90,GK,93,87,84,92,56,88
Pierre Lees-Melou ,FC 24 Fantasy FC ,90,CM,88,87,91,90,86,90
Ben Chilwell ,FC 24 Showdown Winner ,90,LB,90,78,90,86,87,85
Leon Bailey ,FC 24 Europa Conference RTTF ,90,RM,97,89,88,92,45,77
Waldemar Anton ,FC 24 TOTS ,90,CB,88,63,75,81,91,90
Antonee Robinson ,FC 24 TOTS Live ,90,LB,95,64,85,90,86,90
Manuel Akanji ,FC 24 Showdown Winner ,90,CB,86,53,84,79,90,90
Matthieu Udol ,FC 24 TOTS Live ,90,LB,90,70,83,90,89,92
Branco van den Boomen ,FC 24 FC Pro Live ,90,CM,82,90,93,89,85,90
Kadidiatou Diani ,FC 24 Inform ,90,RM,90,86,84,89,58,79
Camille Abily ,FC 24 Icon ,90,CM,82,89,90,89,80,78
Ada Hegerberg ,FC 24 Inform ,90,ST,77,90,79,87,40,77
Kelly Smith ,FC 24 Non-Inform ,90,ST,89,91,86,91,47,78
Alex Scott ,FC 24 Fantasy FC Hero ,90,RB,91,75,85,84,90,86
Sam Kerr ,FC 24 Nike MAD Ready ,90,ST,85,88,74,90,42,85
Sam Kerr ,FC 24 Non-Inform ,90,ST,85,88,74,90,42,85
Caroline Graham Hansen ,FC 24 Non-Inform ,90,RW,89,86,88,90,47,75
Debinha ,FC 24 TOTY Honourable Mention ,90,CAM,86,83,89,93,50,71
George Best ,FC 24 Icon ,90,RW,91,89,82,92,56,68
Nadine Kessler ,FC 24 FUT Captain Hero ,90,CM,84,87,90,88,80,80
Alexandra Popp ,FC 24 Centurions ,90,ST,80,90,78,84,54,90
Alex Morgan ,FC 24 Winter Wildcard ,90,ST,84,90,81,90,48,79
Mikel Merino ,FC 24 TOTS Live ,90,CM,84,88,90,89,90,88
Diogo Jota ,FC 24 FUT Birthday ,90,CF,90,89,83,91,62,86
Nicolo Barella ,FC 24 FUT Birthday ,90,CM,85,83,87,90,84,86
Sergej Milinkovic-Savic ,FC 24 TOTS Plus ,90,CM,85,88,89,90,86,90
Martin Odegaard ,FC 24 Centurions ,90,CAM,80,86,92,91,67,70
Michael Laudrup ,FC 24 Winter Wildcard Icon ,90,RB,90,74,83,88,83,78
Davinson Sanchez ,FC 24 Showdown Winner ,90,CB,88,59,66,80,90,91
Sammie Szmodics ,FC 24 TOTS ,90,CAM,99,85,88,92,70,86
Stanislav Lobotka ,FC 24 Showdown Winner ,90,CDM,83,76,84,86,91,83
Matteo Politano ,FC 24 Fantasy FC ,90,RW,92,88,90,92,54,77
Youri Tielemans ,FC 24 Fantasy FC ,90,CM,84,87,92,88,83,82
Paulo Futre ,FC 24 Fantasy FC Hero ,90,LW,95,85,83,95,39,63
Ruud Gullit ,FC 24 Icon ,90,CF,85,88,88,86,80,87
Alisson ,FC 24 Winter Wildcard ,90,CM,80,83,90,81,83,82
Bruno Fernandes ,FC 24 Champions League Live ,90,CAM,76,89,93,86,71,80
Bruno Fernandes ,FC 24 Inform ,90,CM,75,88,92,87,71,80
Paulo Dybala ,FC 24 Serie A POTM ,90,RW,88,91,90,94,45,66
John McGinn ,FC 24 TOTS Live ,90,CM,83,86,89,87,86,93
Ederson ,FC 24 TOTY Honourable Mention ,90,GK,90,84,93,88,66,88
Mohamed Salah ,FC 24 Inform ,90,RW,90,89,82,89,46,78
Hakan Calhanoglu ,FC 24 Fantasy FC ,90,CM,86,87,92,90,84,81
Marquinhos ,FC 24 Fantasy FC ,90,CB,86,58,78,78,91,87
Jack Grealish ,FC 24 Fantasy FC ,90,LW,91,87,90,93,58,82
Kenny Lala ,FC 24 TOTS Moments ,90,RB,90,85,83,88,90,85
Alessandro Florenzi ,FC 24 Flashback ,90,CM,90,90,88,90,87,85
Virgil van Dijk ,FC 24 Inform ,90,CB,79,61,73,74,90,87
Harry Kane ,FC 24 Non-Inform ,90,ST,69,93,84,83,49,83
Raphael Varane ,FC 24 FUT Birthday ,90,CB,88,55,76,76,91,87
Kalidou Koulibaly ,FC 24 FC Pro Live ,90,CB,85,55,70,77,90,90
Casemiro ,FC 24 Winter Wildcard ,90,ST,90,88,79,87,50,81
Heung Min Son ,FC 24 Versus - Ice ,90,CAM,90,91,87,88,46,74
Heung Min Son ,FC 24 Versus - Fire ,90,ST,91,92,84,86,46,76
Granit Xhaka ,FC 24 TOTY Honourable Mention ,90,CM,81,83,93,83,84,89
Dusan Tadic ,FC 24 TOTS Plus ,90,LW,90,93,90,91,51,87
Lorenzo Insigne ,FC 24 FUT Birthday ,90,LW,92,88,89,92,45,56
Lorenzo Insigne ,FC 24 FUT Birthday ,90,LW,92,88,89,92,45,56
Antoine Griezmann ,FC 24 UCL TOTGS ,90,ST,83,91,91,90,62,78
Alexandre Lacazette ,FC 24 Fantasy FC ,90,ST,93,91,87,90,51,86
Marc-Andre ter Stegen ,FC 24 Inform ,90,GK,88,87,90,92,48,87
Nicolas Otamendi ,FC 24 TOTS Live ,90,CB,86,65,76,81,92,93
Thibaut Courtois ,FC 24 Non-Inform ,90,GK,85,89,76,93,46,90
David Ginola ,FC 24 Triple Threat Icon ,90,LM,91,89,89,92,57,85
Emilio Butragueno ,FC 24 Winter Wildcard Icon ,90,LW,93,82,85,94,41,68
Alex Sandro ,FC 24 Showdown Winner ,90,LB,92,82,89,90,87,87
Bobby Moore ,FC 24 Icon ,90,CB,70,62,81,76,92,83
Robert Lewandowski ,FC 24 Non-Inform ,90,ST,75,91,80,87,44,84
Edin Dzeko ,FC 24 Europa Conference Live ,90,ST,81,91,79,83,48,82
Antonio Candreva ,FC 24 Fantasy FC ,90,CF,90,92,92,93,75,77
Abedi Pele ,FC 24 Non-Inform ,90,CAM,92,85,88,92,49,68
Eric Cantona ,FC 24 Non-Inform ,90,CF,88,90,87,90,52,89
Rudi Voller ,FC 24 Fantasy FC Hero ,90,ST,90,91,81,87,48,86
Gheorghe Hagi ,FC 24 Ultimate Dynasties Icon ,90,CAM,85,88,90,90,44,67
Karim Benzema ,FC 24 Non-Inform ,90,CF,79,88,83,87,39,78
Fernando Hierro ,FC 24 Winter Wildcard Icon ,90,CB,74,69,76,69,99,85
Dante ,FC 24 TOTS ,90,CB,84,61,77,81,90,91
Lionel Messi ,FC 24 Non-Inform ,90,CF,80,87,90,94,33,64
Edwin van der Sar ,FC 24 Non-Inform ,90,GK,86,89,83,88,43,94
Michael Essien ,FC 24 TOTY Icon ,90,CDM,87,77,82,83,89,90
Raul ,FC 24 Icon ,90,CF,86,90,80,88,45,72
Xabi Alonso ,FC 24 GOLAZO Icon ,90,CDM,83,84,91,88,88,88
Rafael Marquez ,FC 24 GOLAZO Hero ,90,CDM,83,88,82,83,92,91
Xavi ,FC 24 Icon ,90,CM,80,76,92,90,69,69
Tomas Rosicky ,FC 24 GOLAZO Hero ,90,CAM,90,85,90,93,62,76
Andrea Pirlo ,FC 24 Icon ,90,CM,73,79,93,89,69,66
Pavel Nedved ,FC 24 Future Stars Icon ,90,LM,90,87,88,90,60,78
Fernando Morientes ,FC 24 Triple Threat Icon ,90,ST,85,91,78,85,46,88
Luis Figo ,FC 24 Non-Inform ,90,RW,90,85,87,91,40,79
Casillas ,FC 24 Icon ,90,GK,90,88,84,93,59,88
Bixente Lizarazu ,FC 24 Non-Inform ,90,LWB,90,61,83,85,85,84
Hristo Stoichkov ,FC 24 Winter Wildcard Icon ,90,CAM,87,92,90,92,50,85
Rivaldo ,FC 24 Icon ,90,LW,87,88,87,91,42,75
Emmanuel Petit ,FC 24 Future Stars Icon ,90,CDM,82,80,84,81,88,90
Robert Pires ,FC 24 FUT Birthday Icon ,90,LM,92,88,87,94,42,68
Robert Pires ,FC 24 FUT Birthday Icon ,90,LM,92,88,87,94,42,68
Clarence Seedorf ,FC 24 Future Stars Icon ,90,CM,84,87,90,88,76,84
Javier Zanetti ,FC 24 Non-Inform ,90,RB,84,62,85,83,87,80
Jay-Jay Okocha ,FC 24 GOLAZO Hero ,90,CAM,91,86,86,95,42,68
Roy Keane ,FC 24 FUT Birthday Icon ,90,CM,83,73,86,84,88,91
Roy Keane ,FC 24 FUT Birthday Icon ,90,CM,83,73,86,84,88,91
Tabitha Chawinga ,FC 24 Non-Inform ,89,ST,94,88,79,88,46,83
Carlos Forbs ,FC 24 Showdown Winner ,89,LW,94,90,83,92,52,73
Sonia Bompastor ,FC 24 FUT Captain Hero ,89,LB,90,85,88,89,85,77
Enzo Francescoli ,FC 24 GOLAZO Hero ,89,CF,90,90,85,91,45,74
Steve McManaman ,FC 24 Non-Inform ,89,RM,91,80,86,89,48,80
Salma Paralluelo ,FC 24 Inform ,89,ST,97,87,84,89,55,82
Salma Paralluelo ,FC 24 Future Stars ,89,LW,97,87,84,89,56,81
Jairzinho ,FC 24 Icon ,89,RW,91,89,84,90,49,73
Harry Kewell ,FC 24 GOLAZO Hero ,89,LW,92,87,90,90,54,71
Diego Forlan ,FC 24 Triple Threat Icon ,89,ST,87,91,81,86,56,78
Lucio ,FC 24 FUT Hero ,89,CB,82,72,74,77,91,89
Lisa Karl ,FC 24 Fantasy FC ,89,RB,90,75,84,89,89,86
Arda Guler ,FC 24 Future Stars ,89,CAM,84,83,90,93,63,63
Sophia Smith ,FC 24 Trailblazers ,89,ST,94,86,79,89,46,83
Balde ,FC 24 Future Stars ,89,LB,97,57,84,85,83,76
Robin van Persie ,FC 24 GOLAZO Icon ,89,ST,86,92,85,89,48,74
Jurgen Kohler ,FC 24 FUT Hero ,89,CB,71,51,63,62,91,90
Rasmus Hojlund ,FC 24 Future Stars ,89,ST,93,89,81,87,42,89
David Costa ,FC 24 TOTS Live ,89,CF,91,89,88,91,51,72
Jamal Musiala ,FC 24 Centurions ,89,CAM,88,80,81,93,66,64
Florian Wirtz ,FC 24 Bundesliga POTM ,89,CAM,83,85,89,91,59,71
Florian Wirtz ,FC 24 Ultimate Dynasties ,89,CAM,82,84,88,90,58,70
Nico Williams ,FC 24 Future Stars ,89,RM,97,84,84,91,43,71
Maximilian Beier ,FC 24 TOTS Live ,89,ST,97,89,83,90,47,78
Elisa De Almeida ,FC 24 WCL RTTF ,89,CB,86,43,74,80,92,87
Jude Bellingham ,FC 24 UCL TOTGS ,89,CAM,80,81,82,88,82,85
Joao Pedro ,FC 24 Europa League Live ,89,ST,93,88,80,92,43,78
Pedri ,FC 24 Centurions ,89,CM,82,73,85,91,74,78
Gabriel Martinelli ,FC 24 Winter Wildcard ,89,RW,92,83,82,90,49,75
Josko Gvardiol ,FC 24 Champions League RTTF ,89,CB,86,61,80,84,89,90
Vincent Kompany ,FC 24 Non-Inform ,89,CB,81,61,70,72,91,87
Kenny Dalglish ,FC 24 Icon ,89,ST,89,90,75,88,41,72
Khvicha Kvaratskhelia ,FC 24 TOTY Honourable Mention ,89,LW,92,84,84,91,44,74
John Barnes ,FC 24 Winter Wildcard Icon ,89,CF,87,90,87,87,47,88
Leah Williamson ,FC 24 FUT Birthday ,89,CB,85,49,77,77,91,84
Jeremy Doku ,FC 24 Future Stars ,89,RW,97,82,83,93,42,82
Harvey Elliott ,FC 24 Future Stars ,89,CAM,86,84,88,91,60,64
Jean-Clair Todibo ,FC 24 Fantasy FC ,89,CB,89,56,77,80,90,89
Savannah McCaskill ,FC 24 Showdown Winner ,89,CAM,88,90,90,89,52,89
Gennaro Gattuso ,FC 24 Future Stars Icon ,89,CDM,81,64,81,81,91,90
Juan Sebastian Veron ,FC 24 Ultimate Dynasties Icon ,89,CM,81,83,89,84,80,83
Rafael Leao ,FC 24 Inform ,89,LM,96,84,80,90,31,80
Jules Kounde ,FC 24 Winter Wildcard ,89,CDM,84,60,80,76,87,82
Luis Diaz ,FC 24 Europa League Live ,89,LW,95,86,83,92,42,81
Youssoufa Moukoko ,FC 24 Future Stars ,89,ST,91,88,81,89,43,80
Jill Roord ,FC 24 FUT Birthday ,89,CAM,85,87,87,89,72,81
Alexis Mac Allister ,FC 24 Showdown Winner ,89,CM,85,88,91,92,81,83
Ruben Dias ,FC 24 Non-Inform ,89,CB,62,39,66,69,89,87
Edon Zhegrova ,FC 24 Ligue 1 POTM ,89,RM,94,86,89,94,45,80
Federico Valverde ,FC 24 Inform ,89,CM,89,83,86,85,82,83
Vini Jr. ,FC 24 Non-Inform ,89,LW,95,82,78,90,29,68
Weston McKennie ,FC 24 FUT Birthday ,89,CM,86,82,87,91,86,86
Peter Schmeichel ,FC 24 Icon ,89,GK,89,84,86,91,47,87
Patrick Kluivert ,FC 24 Ultimate Dynasties Icon ,89,ST,91,88,80,83,42,81
Puyol ,FC 24 Icon ,89,CB,72,46,66,59,91,88
Phil Foden ,FC 24 Inform ,89,RW,89,86,90,92,61,65
Ibrahima Konate ,FC 24 Fantasy FC ,89,CB,85,43,74,84,90,89
Alessandro Bastoni ,FC 24 Serie A POTM ,89,CB,83,41,80,81,91,88
Grace Geyoro ,FC 24 Centurions ,89,CM,80,76,85,86,86,82
Kim Min Jae ,FC 24 TOTY Honourable Mention ,89,CB,86,38,63,70,90,90
David Neres ,FC 24 Europa League RTTF ,89,RM,94,87,87,95,53,77
Mapi Leon ,FC 24 Non-Inform ,89,CB,75,74,81,76,90,81
Arnaut Danjuma ,FC 24 FUT Birthday ,89,ST,92,89,85,90,53,80
Ibrahim Sangare ,FC 24 Showdown Winner ,89,CDM,84,72,84,86,88,90
Lucas Robertone ,FC 24 Showdown Nominee ,89,CM,92,87,87,90,85,84
Fredrik Jensen ,FC 24 Showdown Nominee ,89,CAM,87,89,88,90,70,89
Alphonso Davies ,FC 24 Flashback ,89,LB,99,78,85,90,80,83
Gianluca Vialli ,FC 24 FUT Hero ,89,ST,86,89,72,83,42,79
Victor Osimhen ,FC 24 Inform ,89,ST,91,87,68,85,43,83
Rodri ,FC 24 Non-Inform ,89,CDM,58,73,80,80,85,84
Lautaro Martinez ,FC 24 Inform ,89,ST,83,90,73,88,50,87
Lautaro Martinez ,FC 24 Serie A POTM ,89,ST,84,89,74,87,50,87
Chiedozie Ogbene ,FC 24 FUT Birthday ,89,CF,94,86,82,90,77,86
Gianluigi Donnarumma ,FC 24 Inform ,89,GK,92,86,82,91,54,87
Frenkie de Jong ,FC 24 Non-Inform ,89,CM,85,72,88,90,82,81
Josh Cullen ,FC 24 FUT Birthday ,89,CDM,82,70,83,85,89,86
Kyle Walker-Peters ,FC 24 TOTS Plus ,89,RB,90,82,87,91,90,87
Christian Pulisic ,FC 24 FUT Birthday ,89,LW,94,85,84,92,47,70
Christian Pulisic ,FC 24 FUT Birthday ,89,LW,94,85,84,92,47,70
Rodrigo Bentancur ,FC 24 Showdown Winner ,89,CM,85,85,87,90,86,86
Kadidiatou Diani ,FC 24 Non-Inform ,89,RW,89,85,83,88,56,77
Wendie Renard ,FC 24 Versus - Fire ,89,CB,75,70,71,75,93,85
Wendie Renard ,FC 24 Versus - Ice ,89,CDM,74,70,77,75,92,87
Wendie Renard ,FC 24 Inform ,89,CB,70,68,70,70,92,85
Ada Hegerberg ,FC 24 Non-Inform ,89,ST,75,89,77,86,39,76
Kelly Smith ,FC 24 Icon ,89,ST,88,90,84,89,46,77
Debinha ,FC 24 Winter Wildcard ,89,CAM,85,82,88,92,48,70
Marta ,FC 24 Versus - Fire ,89,RW,85,88,89,93,50,83
Marta ,FC 24 Versus - Ice ,89,CAM,81,88,90,91,50,80
Jeremiah St. Juste ,FC 24 TOTS Moments ,89,CB,95,74,77,86,90,84
Alex Morgan ,FC 24 Non-Inform ,89,ST,83,89,80,88,47,77
Thilo Kehrer ,FC 24 Showdown Nominee ,89,CB,85,60,80,79,90,89
Presnel Kimpembe ,FC 24 FUT Birthday ,89,CB,86,51,78,80,88,92
Ben Sheaf ,FC 24 TOTS Live ,89,CDM,82,70,88,84,90,90
Diogo Jota ,FC 24 Premier League POTM ,89,ST,88,88,81,90,61,84
Marius Wolf ,FC 24 Showdown Winner ,89,RB,92,78,88,89,87,85
Marcos Acuna ,FC 24 Fantasy FC ,89,LWB,83,81,87,87,85,89
Nicolo Barella ,FC 24 UCL TOTGS ,89,CM,83,82,85,88,83,85
Sergej Milinkovic-Savic ,FC 24 FUT Birthday ,89,CM,81,85,86,89,83,89
Martin Odegaard ,FC 24 Inform ,89,CM,80,85,91,89,65,68
Manuel Locatelli ,FC 24 FC Pro Live ,89,CDM,81,78,86,84,88,89
Henrique ,FC 24 Showdown Nominee ,89,LB,91,78,87,89,87,85
Alexander Sorloth ,FC 24 FUT Birthday ,89,ST,92,89,83,87,47,95
N'Golo Kante ,FC 24 Radioactive ,89,CDM,80,68,76,82,89,80
Davor Suker ,FC 24 Winter Wildcard Icon ,89,LW,90,85,81,89,45,77
Gary Lineker ,FC 24 Icon ,89,ST,86,89,71,84,40,75
Paulo Futre ,FC 24 Non-Inform ,89,LW,94,83,82,94,38,60
Ruud Gullit ,FC 24 Winter Wildcard Icon ,89,CM,83,82,86,85,85,80
Frank Rijkaard ,FC 24 Future Stars Icon ,89,CDM,80,76,82,81,89,88
Alisson ,FC 24 Non-Inform ,89,GK,86,85,85,89,56,90
Rodrigo Javier De Paul ,FC 24 Pundit Pick ,89,CM,84,85,90,89,82,88
Bruno Fernandes ,FC 24 Inform ,89,CAM,73,87,91,85,70,78
Paulo Dybala ,FC 24 Inform ,89,CF,86,90,88,93,44,64
Paulo Dybala ,FC 24 Serie A POTM ,89,ST,86,90,89,93,43,63
Paulo Dybala ,FC 24 Winter Wildcard ,89,CF,85,91,89,92,44,64
Domenico Berardi ,FC 24 Winter Wildcard ,89,RW,88,89,88,91,40,79
Emerson ,FC 24 Europa League RTTF ,89,LB,90,77,88,91,86,82
Joao Cancelo ,FC 24 UCL TOTGS ,89,RB,86,77,89,88,84,76
Grimaldo ,FC 24 FUT Birthday ,89,LWB,93,83,88,91,84,81
Mohamed Salah ,FC 24 Non-Inform ,89,RW,89,87,81,88,45,76
Sadio Mane ,FC 24 FC Pro Live ,89,CF,91,86,82,91,47,80
Leandro Trossard ,FC 24 Showdown Nominee ,89,CF,90,91,86,90,38,74
Florian Thauvin ,FC 24 FC Pro Live ,89,RM,92,89,88,91,63,82
Riyad Mahrez ,FC 24 FUT Birthday ,89,RM,90,88,88,93,42,70
Hector Bellerin ,FC 24 FUT Birthday ,89,RB,94,62,83,89,84,80
John Stones ,FC 24 Winter Wildcard ,89,CDM,80,57,84,85,89,82
Virgil van Dijk ,FC 24 Euro 2024 ,89,CB,78,61,75,73,87,84
Virgil van Dijk ,FC 24 Nike MAD Ready ,89,CB,78,60,71,72,89,86
Virgil van Dijk ,FC 24 Non-Inform ,89,CB,78,60,71,72,89,86
Memphis Depay ,FC 24 Showdown Nominee ,89,CF,88,90,87,90,36,87
Geoffrey Kondogbia ,FC 24 Europa League RTTF ,89,CM,85,80,84,85,89,91
Casemiro ,FC 24 Non-Inform ,89,CDM,63,75,79,73,89,88
Heung Min Son ,FC 24 Inform ,89,LW,89,91,84,86,45,73
Heung Min Son ,FC 24 Premier League POTM ,89,ST,89,91,84,86,44,73
Heung Min Son ,FC 24 Trailblazers ,89,ST,89,92,83,86,44,74
Sergi Roberto ,FC 24 Showdown Nominee ,89,CM,86,83,89,90,87,88
Luis Alberto ,FC 24 UCL TOTGS ,89,CM,81,85,90,90,70,66
Sebastian Coates ,FC 24 Europa League RTTF ,89,CB,82,58,64,72,91,96
Antoine Griezmann ,FC 24 Trailblazers ,89,ST,82,90,88,90,59,76
Antoine Griezmann ,FC 24 Inform ,89,ST,81,89,89,89,59,77
Antoine Griezmann ,FC 24 La Liga POTM ,89,ST,82,90,90,89,59,77
Juan Cuadrado ,FC 24 FUT Birthday ,89,RB,97,83,87,93,85,81
Marc-Andre ter Stegen ,FC 24 Non-Inform ,89,GK,86,85,89,91,47,86
Mario Gotze ,FC 24 Europa Conference Live ,89,CAM,83,83,90,91,60,79
David Ginola ,FC 24 FUT Hero ,89,LM,90,88,87,91,55,84
Ander Herrera ,FC 24 Fantasy FC ,89,CM,85,84,92,88,87,84
Emilio Butragueno ,FC 24 Icon ,89,ST,92,89,78,90,40,65
Neymar Jr ,FC 24 Non-Inform ,89,LW,86,83,85,93,37,61
Socrates ,FC 24 Icon ,89,CAM,82,88,89,88,43,82
Jordi Alba ,FC 24 FUT Birthday ,89,LB,90,76,89,87,86,81
Marco Reus ,FC 24 Winter Wildcard ,89,CAM,82,87,87,90,58,69
Luka Modric ,FC 24 Inform ,89,CM,81,80,91,90,75,70
Claudio Marchisio ,FC 24 Fantasy FC Hero ,89,CM,85,82,87,89,85,86
Ronald Koeman ,FC 24 Non-Inform ,89,CB,77,87,86,80,89,86
Abedi Pele ,FC 24 FUT Hero ,89,CAM,91,83,87,91,48,66
Eric Cantona ,FC 24 Icon ,89,CF,86,89,86,89,50,88
Jean-Pierre Papin ,FC 24 FUT Hero ,89,ST,83,93,73,83,44,76
Rudi Voller ,FC 24 FUT Hero ,89,ST,89,90,76,86,47,85
Hugo Sanchez ,FC 24 Icon ,89,ST,89,90,78,88,41,72
Gheorghe Hagi ,FC 24 Ultimate Dynasties Icon ,89,CAM,84,87,89,89,42,66
Dante ,FC 24 TOTY Honourable Mention ,89,CB,80,57,75,75,89,89
Clint Dempsey ,FC 24 GOLAZO Hero ,89,CAM,88,90,87,90,52,86
Jesus Navas ,FC 24 TOTY Honourable Mention ,89,RB,90,76,89,90,85,74
Kaka ,FC 24 Icon ,89,CAM,89,84,86,90,43,71
Phillip Lahm ,FC 24 Icon ,89,RB,84,68,83,83,86,70
Wayne Rooney ,FC 24 Non-Inform ,89,ST,89,91,82,87,54,88
Fernando Torres ,FC 24 Winter Wildcard Icon ,89,ST,91,89,77,87,45,78
Xabi Alonso ,FC 24 Non-Inform ,89,CDM,75,79,88,81,84,83
Ashley Cole ,FC 24 Non-Inform ,89,LB,90,68,83,84,87,81
Didier Drogba ,FC 24 Icon ,89,ST,87,90,74,80,44,87
Dimitar Berbatov ,FC 24 GOLAZO Hero ,89,ST,90,89,84,90,36,81
Juan Roman Riquelme ,FC 24 Winter Wildcard Icon ,89,ST,82,89,80,86,34,74
Ruud van Nistelrooy ,FC 24 Icon ,89,ST,84,89,71,83,38,80
Samuel Eto'o ,FC 24 Icon ,89,ST,92,90,79,87,45,80
Hernan Crespo ,FC 24 Future Stars Icon ,89,ST,90,89,77,88,39,73
Jari Litmanen ,FC 24 Non-Inform ,89,CAM,84,88,85,84,36,67
Fernando Morientes ,FC 24 FUT Hero ,89,ST,84,90,77,83,45,86
Luis Figo ,FC 24 Icon ,89,RW,89,84,86,90,38,77
Michael Owen ,FC 24 Winter Wildcard Icon ,89,LM,90,82,77,90,36,68
Hristo Stoichkov ,FC 24 Icon ,89,ST,90,91,84,90,49,84
Rivaldo ,FC 24 Ultimate Dynasties Icon ,89,LW,89,86,85,93,40,78
Robert Pires ,FC 24 Non-Inform ,89,LM,89,82,86,88,41,67
Fabio Cannavaro ,FC 24 Icon ,89,CB,80,44,62,67,93,83
Alessandro Nesta ,FC 24 Icon ,89,CB,76,44,63,68,92,84
Javier Zanetti ,FC 24 Icon ,89,RB,83,60,84,81,86,78
Rui Costa ,FC 24 Non-Inform ,89,CAM,85,82,89,87,45,80
Jay-Jay Okocha ,FC 24 GOLAZO Hero ,89,CAM,90,84,84,94,41,67
Paul Scholes ,FC 24 Non-Inform ,89,CM,76,87,90,79,64,81
Alan Shearer ,FC 24 Icon ,89,ST,82,91,76,78,49,84
Lamine Camara ,FC 24 Player Moments ,88,CM,88,88,88,86,85,86
Enzo Francescoli ,FC 24 FUT Hero ,88,CF,86,88,83,90,44,72
Carlos Tevez ,FC 24 FUT Hero ,88,ST,85,89,80,86,46,89
Mara Alber ,FC 24 TOTS Live ,88,RW,90,86,87,90,75,87
Wesley Sneijder ,FC 24 FUT Hero ,88,CAM,81,84,90,86,53,75
Rico Lewis ,FC 24 Future Stars ,88,RB,91,60,83,88,86,83
Salma Paralluelo ,FC 24 Inform ,88,LW,96,86,83,88,53,80
Ibrahim Cissoko ,FC 24 Europa League Live ,88,LW,97,83,82,90,52,78
Denise O'Sullivan ,FC 24 FUT Birthday ,88,CM,89,81,87,88,80,86
Trinity Rodman ,FC 24 Future Stars ,88,RW,96,86,83,89,48,87
Diego Forlan ,FC 24 FUT Hero ,88,ST,86,90,79,85,55,76
Maya Le Tissier ,FC 24 Future Stars ,88,CB,84,64,82,79,89,86
Ashleigh Neville ,FC 24 Triple Threat ,88,RB,84,76,81,82,87,88
Lauren James ,FC 24 Ultimate Dynasties ,88,RW,91,82,86,89,36,85
Katie McCabe ,FC 24 TOTY Honourable Mention ,88,LB,85,80,83,83,84,85
Daphne Corboz ,FC 24 Showdown Winner ,88,CM,82,84,91,87,80,78
Micky van de Ven ,FC 24 Pundit Pick ,88,CB,87,74,70,80,89,90
Gavi ,FC 24 Versus - Ice ,88,CM,84,76,91,89,80,79
Gavi ,FC 24 Versus - Fire ,88,CM,84,78,89,91,78,79
Sophia Smith ,FC 24 Non-Inform ,88,ST,93,85,78,88,45,82
Amaiur Sarriegi ,FC 24 FUT Birthday ,88,ST,92,86,84,88,54,87
Olga Carmona ,FC 24 TOTY Honourable Mention ,88,LB,92,76,87,88,85,81
Diego Milito ,FC 24 FUT Hero ,88,ST,83,89,75,84,43,80
Castello Lukeba ,FC 24 Future Stars ,88,CB,86,56,82,82,89,86
Robin van Persie ,FC 24 Icon ,88,ST,84,91,84,87,45,73
Sandra Starke ,FC 24 Fantasy FC ,88,ST,90,88,85,89,60,86
Miguel Gutierrez ,FC 24 Pundit Pick ,88,LB,93,70,85,88,83,80
Isak Hien ,FC 24 FC Pro Live ,88,CB,85,49,62,70,88,90
Evan Ferguson ,FC 24 FUT Birthday ,88,ST,91,89,80,87,35,90
Evan Ferguson ,FC 24 FUT Birthday ,88,ST,91,89,80,87,35,90
Destiny Udogie ,FC 24 Future Stars ,88,LB,91,78,80,86,82,88
Rasmus Hojlund ,FC 24 Premier League POTM ,88,ST,93,88,72,86,42,88
Nerea Eizagirre ,FC 24 Fantasy FC ,88,LW,89,88,90,88,71,77
Adam Wharton ,FC 24 Pundit Pick ,88,CM,88,75,90,91,87,90
Cole Palmer ,FC 24 Inform ,88,RM,92,87,85,89,71,82
Jamal Musiala ,FC 24 Inform ,88,LM,88,79,80,93,66,63
Florian Wirtz ,FC 24 Bundesliga POTM ,88,CAM,81,84,88,90,57,68
Vitinha ,FC 24 Inform ,88,CM,81,80,89,93,82,80
Strahinja Pavlovic ,FC 24 TOTS ,88,CB,85,56,63,79,88,96
Yunus Musah ,FC 24 Future Stars ,88,CM,90,81,82,90,84,84
Ronald Araujo ,FC 24 Radioactive ,88,CB,82,53,67,65,89,87
Giacomo Raspadori ,FC 24 FUT Birthday ,88,CF,90,87,81,90,37,70
Jude Bellingham ,FC 24 Trailblazers ,88,CM,79,80,81,87,80,84
Jude Bellingham ,FC 24 La Liga POTM ,88,CAM,78,79,81,87,81,84
Renan Lodi ,FC 24 FC Pro Live ,88,LB,92,77,86,86,85,83
Vincent Kompany ,FC 24 FUT Hero ,88,CB,80,60,68,70,90,86
Kirian ,FC 24 La Liga POTM ,88,CM,83,80,87,90,78,88
Joshua Zirkzee ,FC 24 Future Stars ,88,ST,88,90,82,91,60,89
Klara Buhl ,FC 24 Inform ,88,LW,90,91,84,88,40,75
Geyse ,FC 24 Inform ,88,RM,92,86,82,91,42,93
Nathan Collins ,FC 24 FUT Birthday ,88,CB,84,42,67,77,89,89
Sacha Boey ,FC 24 FUT Birthday ,88,RB,91,72,81,87,84,90
Michael Olise ,FC 24 Future Stars ,88,RW,91,84,88,92,61,72
Ian Rush ,FC 24 Winter Wildcard Icon ,88,CM,83,80,88,88,78,84
Khvicha Kvaratskhelia ,FC 24 Inform ,88,LW,88,84,83,90,43,73
Khvicha Kvaratskhelia ,FC 24 Radioactive ,88,RW,90,83,83,89,43,73
Tajon Buchanan ,FC 24 FUT Birthday ,88,RW,96,84,81,88,75,87
Dusan Vlahovic ,FC 24 Serie A POTM ,88,ST,88,92,72,86,36,88
Dusan Vlahovic ,FC 24 Inform ,88,ST,88,91,72,86,36,88
Marie Katoto ,FC 24 Non-Inform ,88,ST,83,88,77,84,39,71
Julian Alvarez ,FC 24 UCL TOTGS ,88,CF,87,89,85,91,65,84
Christiane Endler ,FC 24 Non-Inform ,88,GK,87,82,84,90,42,89
Clara Mateo ,FC 24 Inform ,88,ST,91,88,87,89,65,77
Mohamed Simakan ,FC 24 FC Pro Live ,88,CB,85,56,77,79,89,89
Rodrygo ,FC 24 UCL TOTGS ,88,ST,91,86,84,91,34,67
Rodrygo ,FC 24 Inform ,88,ST,91,86,83,90,35,66
Lee Kang In ,FC 24 Non-Inform ,88,LW,90,86,89,90,41,79
William Saliba ,FC 24 TOTY Honourable Mention ,88,CB,85,45,76,81,90,87
Jonathan David ,FC 24 Europa Conference Live ,88,ST,90,89,80,86,43,84
Lois Openda ,FC 24 Champions League Live ,88,ST,97,86,78,86,40,85
Lois Openda ,FC 24 Inform ,88,ST,96,86,78,87,38,84
Joe Scally ,FC 24 Player Moments ,88,RB,91,86,86,86,88,85
Sol Campbell ,FC 24 Non-Inform ,88,CB,83,47,63,62,89,91
Yukinari Sugawara ,FC 24 TOTS ,88,RB,94,70,87,86,84,87
Miroslav Klose ,FC 24 Icon ,88,ST,86,87,73,80,40,79
Joao Felix ,FC 24 Versus - Ice ,88,CF,88,88,84,89,45,74
Joao Felix ,FC 24 Versus - Fire ,88,LW,91,84,87,89,45,77
Ewa Pajor ,FC 24 Inform ,88,LW,90,91,65,92,23,71
Rafael Leao ,FC 24 Inform ,88,LM,95,82,78,89,29,79
Rafael Leao ,FC 24 UCL TOTGS ,88,LW,95,83,77,90,31,78
Callum Hudson-Odoi ,FC 24 Player Moments ,88,LW,92,90,88,88,56,81
Matt O'Riley ,FC 24 Inform ,88,CM,84,82,88,87,81,86
Tijjani Reijnders ,FC 24 FUT Birthday ,88,CM,88,87,87,90,83,85
Eder Militao ,FC 24 Winter Wildcard ,88,CB,86,53,72,74,88,84
Galeno ,FC 24 Champions League RTTF ,88,LM,99,85,77,91,49,79
Kaj Sierhuis ,FC 24 Eredivisie POTM ,88,ST,87,90,80,88,53,95
Henrik Larsson ,FC 24 Ultimate Dynasties Icon ,88,ST,90,88,75,85,47,75
Jonathan Clauss ,FC 24 UEL TOTGS ,88,RB,93,77,84,85,82,80
Federico Valverde ,FC 24 Non-Inform ,88,CM,88,82,84,84,80,82
Pedro Neto ,FC 24 Future Stars ,88,LM,92,85,82,88,42,74
Laurent Blanc ,FC 24 Icon ,88,CB,78,67,68,76,90,85
Patrick Vieira ,FC 24 Icon ,88,CM,82,78,80,82,88,90
Patrick Kluivert ,FC 24 Ultimate Dynasties Icon ,88,ST,87,87,78,82,41,80
Michael ,FC 24 Showdown Nominee ,88,LM,95,84,82,91,39,73
Reece James ,FC 24 Ultimate Dynasties ,88,RB,90,78,86,85,85,84
Phil Foden ,FC 24 Inform ,88,LM,87,84,88,91,60,64
Takefusa Kubo ,FC 24 TOTY Honourable Mention ,88,RW,91,83,85,91,50,70
Randal Kolo Muani ,FC 24 FC Pro Live ,88,ST,94,84,80,90,42,74
Alessandro Bastoni ,FC 24 Inform ,88,CB,80,40,78,79,90,87
Patri Guijarro ,FC 24 Non-Inform ,88,CM,78,82,83,86,81,72
Grace Geyoro ,FC 24 Inform ,88,CM,81,76,85,86,88,82
Cucho Hernandez ,FC 24 TOTS ,88,ST,92,87,81,87,54,88
Anders Dreyer ,FC 24 TOTS ,88,RW,95,89,87,90,53,79
Martin Terrier ,FC 24 Ligue 1 POTM ,88,ST,92,90,84,88,45,80
Anel Ahmedhodzic ,FC 24 Player Moments ,88,CB,87,54,71,77,84,86
Matteo Guendouzi ,FC 24 Champions League RTTF ,88,CM,84,79,88,88,85,90
Cengiz Under ,FC 24 Europa Conference RTTF ,88,RM,91,88,87,92,46,70
Nikita Parris ,FC 24 Showdown Nominee ,88,RM,92,84,83,87,50,77
Rafa Mujica ,FC 24 TOTS Live ,88,ST,90,91,80,90,52,86
Matthijs de Ligt ,FC 24 Inform ,88,CB,80,64,67,71,88,89
Houssem Aouar ,FC 24 Europa League Live ,88,CAM,82,81,89,92,80,80
Vivianne Miedema ,FC 24 Inform ,88,CAM,85,88,72,89,34,84
Zubeldia ,FC 24 UCL TOTGS ,88,CB,80,72,83,81,86,88
Alexander Isak ,FC 24 Showdown Nominee ,88,ST,89,89,80,91,45,78
Sakina Karchaoui ,FC 24 Triple Threat ,88,LB,91,63,84,90,82,70
Riccardo Orsolini ,FC 24 Inform ,88,RM,90,88,86,92,51,78
Raphinha ,FC 24 Inform ,88,RW,95,84,83,90,58,79
Nahuel Molina ,FC 24 Fantasy FC ,88,RB,92,73,83,85,86,82
Fikayo Tomori ,FC 24 Versus - Fire ,88,CB,88,45,66,71,90,85
Fikayo Tomori ,FC 24 Versus - Ice ,88,CDM,88,45,70,76,90,85
Theo Hernandez ,FC 24 Ultimate Dynasties ,88,LB,95,76,80,83,81,86
Theo Hernandez ,FC 24 Inform ,88,LB,96,74,82,85,83,87
Cristian Romero ,FC 24 Non-Inform ,88,CB,78,52,66,72,90,88
Victor Osimhen ,FC 24 Non-Inform ,88,ST,90,86,66,83,42,82
Amine Harit ,FC 24 FUT Birthday ,88,LM,93,84,86,94,55,65
Marcus Rashford ,FC 24 Centurions ,88,LW,93,91,81,88,45,77
Romain Del Castillo ,FC 24 Inform ,88,RM,90,86,89,92,57,82
Lautaro Martinez ,FC 24 Inform ,88,ST,82,88,72,86,49,86
Donyell Malen ,FC 24 FC Pro Live ,88,RM,94,86,83,91,42,82
Lindsey Horan ,FC 24 Inform ,88,CAM,87,88,89,87,66,82
Dodi Lukebakio ,FC 24 FUT Birthday ,88,RM,94,88,81,90,42,72
Trent Alexander-Arnold ,FC 24 TOTY Honourable Mention ,88,RB,85,73,93,84,85,80
Gabriel Jesus ,FC 24 Non-Inform ,88,ST,88,86,82,92,44,83
Gianluigi Donnarumma ,FC 24 Inform ,88,GK,91,84,80,90,53,85
Oyarzabal ,FC 24 Winter Wildcard ,88,RM,85,87,86,90,45,70
Pierre Lees-Melou ,FC 24 Ligue 1 POTM ,88,CM,86,83,89,88,84,88
Axel Disasi ,FC 24 Pundit Pick ,88,CB,82,60,75,70,88,91
Gianluca Mancini ,FC 24 Inform ,88,CB,81,50,70,72,88,92
Frenkie de Jong ,FC 24 Inform ,88,CM,83,70,87,88,79,80
Ashley Lawrence ,FC 24 Versus - Fire ,88,LB,88,68,87,81,86,80
Ashley Lawrence ,FC 24 Versus - Ice ,88,RB,88,68,83,85,83,82
Guro Reiten ,FC 24 Non-Inform ,88,LW,88,80,86,86,60,63
Wendie Renard ,FC 24 Non-Inform ,88,CB,53,67,69,69,91,84
Alex Scott ,FC 24 FUT Captain Hero ,88,RB,89,73,83,82,87,83
Andre-Franck Zambo Anguissa ,FC 24 Champions League RTTF ,88,CDM,83,74,82,86,86,89
Irene Paredes ,FC 24 Non-Inform ,88,CB,69,51,67,68,89,80
Debinha ,FC 24 Non-Inform ,88,CAM,84,81,87,91,46,68
Cyle Larin ,FC 24 FUT Birthday ,88,ST,88,90,85,87,55,91
Nadine Kessler ,FC 24 FUT Hero ,88,CM,81,85,88,86,78,77
Christine Sinclair ,FC 24 SBC Special ,88,CAM,82,88,88,85,49,88
Megan Rapinoe ,FC 24 SBC Special ,88,CAM,86,87,87,89,51,80
Ali Krieger ,FC 24 SBC Special ,88,CB,85,57,82,81,89,82
Alexandra Popp ,FC 24 Non-Inform ,88,ST,73,87,76,82,52,88
Federico Dimarco ,FC 24 Inform ,88,LWB,90,77,86,85,83,82
Olivier Boscagli ,FC 24 Champions League RTTF ,88,CB,85,62,85,86,88,88
Ainsley Maitland-Niles ,FC 24 FUT Birthday ,88,RB,90,81,85,88,85,84
Ainsley Maitland-Niles ,FC 24 FUT Birthday ,88,RB,90,81,85,88,85,84
Dominic Solanke ,FC 24 Premier League POTM ,88,ST,88,90,83,89,46,92
Mikel Merino ,FC 24 Inform ,88,CM,78,83,88,86,88,86
Diogo Jota ,FC 24 FC Pro Live Upgraded ,88,CF,87,87,80,88,61,83
Jarrod Bowen ,FC 24 Pundit Pick ,88,RM,90,88,85,90,54,76
Marcos Acuna ,FC 24 Champions League Live ,88,LB,81,77,86,86,84,87
Nicolo Barella ,FC 24 Centurions ,88,CM,82,80,84,87,81,84
Kalvin Phillips ,FC 24 FC Pro Live ,88,CDM,79,75,86,85,88,84
Sergej Milinkovic-Savic ,FC 24 Inform ,88,CM,71,83,84,85,82,88
Robin Gosens ,FC 24 FUT Birthday ,88,LWB,91,85,85,86,86,88
Robin Gosens ,FC 24 FUT Birthday ,88,LWB,91,85,85,86,86,88
Malcom ,FC 24 Showdown Winner ,88,RM,92,85,84,89,34,72
Malcom ,FC 24 Inform ,88,CAM,91,87,86,91,36,74
Benson Manuel ,FC 24 Player Moments ,88,RM,93,86,82,91,48,76
Martin Odegaard ,FC 24 Inform ,88,CM,74,83,89,88,62,65
Michael Laudrup ,FC 24 Icon ,88,CAM,84,80,88,90,40,63
Hirving Lozano ,FC 24 FC Pro Live ,88,RW,96,84,82,88,50,73
Lucas Hernandez ,FC 24 Ultimate Dynasties ,88,CB,84,60,74,74,88,84
Philip Billing ,FC 24 Player Moments ,88,CM,85,90,83,88,88,84
Diego Carlos ,FC 24 Europa Conference Live ,88,CB,79,56,75,76,89,86
Bernardo Silva ,FC 24 Non-Inform ,88,CM,69,78,86,92,70,69
Alexander Sorloth ,FC 24 Inform ,88,ST,91,88,80,85,46,94
Jose Maria Gimenez ,FC 24 Champions League RTTF ,88,CB,85,51,63,67,89,88
Andrew Robertson ,FC 24 Trailblazers ,88,LB,86,63,84,83,83,80
Serhou Guirassy ,FC 24 Bundesliga POTM ,88,ST,88,92,85,89,50,91
Duvan Zapata ,FC 24 Inform ,88,ST,86,90,75,88,45,92
Angel Correa ,FC 24 Inform ,88,ST,90,89,82,91,56,81
Paulo Futre ,FC 24 FUT Hero ,88,LW,93,81,80,93,37,58
Ruben Loftus-Cheek ,FC 24 Non-Inform ,88,CM,82,83,88,89,81,87
Kingsley Coman ,FC 24 Versus - Fire ,88,LW,92,81,84,91,35,75
Kingsley Coman ,FC 24 Versus - Ice ,88,RW,92,83,87,90,35,71
Carlton Morris ,FC 24 Player Moments ,88,ST,94,88,78,86,47,92
Joshua Kimmich ,FC 24 Non-Inform ,88,CDM,70,74,88,84,82,79
Rodrigo Javier De Paul ,FC 24 Champions League Live ,88,CM,82,83,88,87,80,87
Anderson Talisca ,FC 24 Radioactive ,88,CAM,86,87,84,87,60,83
Anderson Talisca ,FC 24 Inform ,88,ST,87,91,86,88,62,83
Ivan Cavaleiro ,FC 24 FC Pro Live ,88,LM,94,88,85,90,53,89
Aymeric Laporte ,FC 24 Inform ,88,CB,80,60,81,78,90,87
Bruno Fernandes ,FC 24 Non-Inform ,88,CAM,71,86,90,83,69,77
Julian Brandt ,FC 24 TOTY Honourable Mention ,88,CAM,81,83,90,90,55,74
Dele Alli ,FC 24 FC Pro Live ,88,CAM,84,88,87,90,74,80
Paulo Dybala ,FC 24 Inform ,88,ST,84,89,87,92,42,62
Domenico Berardi ,FC 24 Inform ,88,RM,87,88,86,90,39,77
Joao Cancelo ,FC 24 Trailblazers ,88,RB,85,75,88,87,83,74
Ederson ,FC 24 Non-Inform ,88,GK,86,82,91,86,64,86
Grimaldo ,FC 24 Inform ,88,LWB,92,75,87,88,83,79
Grimaldo ,FC 24 Winter Wildcard ,88,CM,87,81,87,89,80,78
Leon Goretzka ,FC 24 Winter Wildcard ,88,CM,80,85,85,87,84,88
Fabinho ,FC 24 FC Pro Live ,88,CDM,78,74,84,83,87,88
Marquinhos ,FC 24 Trailblazers ,88,CB,80,57,76,76,90,81
Jack Grealish ,FC 24 Triple Threat ,88,LW,85,80,87,91,56,76
Teji Savanier ,FC 24 FUT Birthday ,88,CAM,81,84,86,89,79,82
Antonio Rudiger ,FC 24 Versus - Fire ,88,CB,84,57,74,74,87,89
Antonio Rudiger ,FC 24 Versus - Ice ,88,CDM,86,61,80,77,85,88
Raheem Sterling ,FC 24 Versus - Ice ,88,RW,90,84,82,92,49,73
Raheem Sterling ,FC 24 Versus - Fire ,88,LW,90,91,82,89,49,73
Memphis Depay ,FC 24 Non-Inform ,88,ST,86,88,86,89,34,85
Roberto Firmino ,FC 24 Versus - Ice ,88,ST,82,86,81,89,66,82
Roberto Firmino ,FC 24 Versus - Fire ,88,CM,84,82,85,90,75,82
Raphael Varane ,FC 24 Non-Inform ,88,CB,82,53,68,71,89,81
Jan Oblak ,FC 24 Non-Inform ,88,GK,85,90,78,87,46,86
Heung Min Son ,FC 24 Inform ,88,ST,88,90,82,85,43,71
David Alaba ,FC 24 Winter Wildcard ,88,CDM,82,79,86,84,85,82
Antoine Griezmann ,FC 24 Non-Inform ,88,ST,80,88,87,88,58,75
Alphonse Areola ,FC 24 Inform ,88,GK,91,89,87,90,67,88
Romelu Lukaku ,FC 24 Non-Inform ,88,ST,86,89,80,83,42,89
Ciro Immobile ,FC 24 Winter Wildcard ,88,ST,89,90,75,82,43,79
Mario Gotze ,FC 24 Inform ,88,CAM,86,88,90,91,60,80
Maya Yoshida ,FC 24 FUT Birthday ,88,CB,85,60,74,77,89,85
Lukas Hradecky ,FC 24 Versus - Ice ,88,GK,88,88,72,93,44,85
Lukas Hradecky ,FC 24 Versus - Fire ,88,GK,91,84,72,90,47,88
Benjamin Andre ,FC 24 Fantasy FC ,88,CDM,84,81,85,85,88,90
Luuk de Jong ,FC 24 Eredivisie POTM ,88,ST,84,91,86,87,57,90
Francesco Caputo ,FC 24 Showdown Nominee ,88,ST,90,88,82,88,40,82
Pierre-Emerick Aubameyang ,FC 24 Inform ,88,ST,92,90,84,87,44,75
Pierre-Emerick Aubameyang ,FC 24 Ligue 1 POTM ,88,ST,92,89,82,87,44,79
Pierre-Emerick Aubameyang ,FC 24 Radioactive ,88,ST,91,88,80,86,43,75
Ilkay Gundogan ,FC 24 Inform ,88,CM,75,85,87,89,77,78
Kieran Trippier ,FC 24 Versus - Ice ,88,CM,80,75,91,87,88,81
Kieran Trippier ,FC 24 Versus - Fire ,88,RB,85,73,90,85,90,82
Alexis Sanchez ,FC 24 Versus - Ice ,88,CAM,86,83,87,89,60,74
Alexis Sanchez ,FC 24 Versus - Fire ,88,ST,90,88,82,86,55,71
Leonardo Bonucci ,FC 24 Champions League Live ,88,CB,75,63,75,76,88,81
Angel Di Maria ,FC 24 Champions League Live ,88,CF,86,84,92,94,53,73
Angelo Ogbonna ,FC 24 FC Pro Live ,88,CB,82,51,72,72,89,88
Toni Kroos ,FC 24 Inform ,88,CDM,80,84,92,85,80,81
Mats Hummels ,FC 24 Inform ,88,CB,80,65,83,78,91,88
Mats Hummels ,FC 24 UCL TOTGS ,88,CB,76,65,82,77,90,84
Luka Modric ,FC 24 Inform ,88,CAM,74,77,90,88,73,68
Ronald Koeman ,FC 24 Icon ,88,CB,76,86,85,78,88,84
Falcao ,FC 24 FUT Birthday ,88,ST,90,87,83,89,55,84
Gheorghe Hagi ,FC 24 Icon ,88,CAM,82,86,88,88,41,64
Fernando Hierro ,FC 24 Icon ,88,CB,74,67,74,68,92,84
Franck Ribery ,FC 24 Icon ,88,LM,89,85,85,90,37,65
Luis Hernandez ,FC 24 Winter Wildcard Icon ,88,ST,90,88,74,87,46,70
Sergio Ramos ,FC 24 Versus - Fire ,88,CB,80,74,80,75,87,85
Sergio Ramos ,FC 24 Versus - Ice ,88,CDM,81,78,88,80,86,82
Mario Gomez ,FC 24 FUT Hero ,88,ST,83,90,73,82,43,83
Javier Mascherano ,FC 24 FUT Hero ,88,CB,76,55,76,75,89,86
Nemanja Vidic ,FC 24 Non-Inform ,88,CB,79,50,64,63,91,90
Nani ,FC 24 Radioactive ,88,CAM,85,85,82,88,49,78
Bastian Schweinsteiger ,FC 24 Icon ,88,CM,76,83,86,83,83,83
Antonio Di Natale ,FC 24 FUT Hero ,88,ST,90,91,85,90,46,70
Wayne Rooney ,FC 24 Icon ,88,ST,88,90,81,86,53,87
Edwin van der Sar ,FC 24 Icon ,88,GK,84,87,79,86,39,92
Peter Crouch ,FC 24 GOLAZO Hero ,88,ST,88,92,85,87,55,87
Petr Cech ,FC 24 Icon ,88,GK,86,85,76,88,54,90
Jerzy Dudek ,FC 24 Non-Inform ,88,GK,88,86,80,92,62,88
Dimitar Berbatov ,FC 24 Non-Inform ,88,ST,83,87,82,88,35,75
Rafael Marquez ,FC 24 FUT Hero ,88,CB,74,65,75,74,90,88
Juan Roman Riquelme ,FC 24 Icon ,88,CAM,71,84,90,90,33,66
Cristiano Ronaldo ,FC 24 Trailblazers ,88,ST,85,90,77,84,35,75
Cristiano Ronaldo ,FC 24 Inform ,88,ST,85,91,78,84,36,77
Yaya Toure ,FC 24 Triple Threat Icon ,88,CDM,80,84,87,85,82,90
Steven Gerrard ,FC 24 Icon ,88,CM,78,88,88,83,75,82
Andriy Shevchenko ,FC 24 Icon ,88,ST,86,90,71,85,35,73
Tomas Rosicky ,FC 24 Non-Inform ,88,CAM,85,83,88,90,60,73
Rio Ferdinand ,FC 24 Icon ,88,CB,82,48,65,64,90,85
Pavel Nedved ,FC 24 Icon ,88,LM,84,84,86,87,58,77
David Trezeguet ,FC 24 Non-Inform ,88,ST,84,89,70,80,43,78
David Trezeguet ,FC 24 Winter Wildcard Icon ,88,CM,84,83,86,88,82,79
Jari Litmanen ,FC 24 FUT Hero ,88,CAM,82,87,83,83,35,65
Bixente Lizarazu ,FC 24 FUT Hero ,88,LWB,87,59,80,82,83,82
Michael Owen ,FC 24 Icon ,88,ST,89,88,69,87,35,66
Michael Ballack ,FC 24 Non-Inform ,88,CM,83,88,86,82,80,84
Ricardo Carvalho ,FC 24 FUT Hero ,88,CB,77,56,71,73,91,82
Ole Gunnar Solskjaer ,FC 24 Non-Inform ,88,ST,88,90,77,86,47,70
Claude Makelele ,FC 24 Non-Inform ,88,CDM,82,50,77,80,87,87
Ludovic Giuly ,FC 24 Non-Inform ,88,RM,90,85,85,88,51,60
Marcel Desailly ,FC 24 Icon ,88,CB,82,51,65,66,88,88
Jay-Jay Okocha ,FC 24 FUT Hero ,88,CAM,87,83,83,93,40,60
Robbie Keane ,FC 24 GOLAZO Hero ,88,ST,90,91,78,91,47,79
David Beckham ,FC 24 Icon ,88,RM,80,85,92,85,66,79
Paul Scholes ,FC 24 Icon ,88,CM,74,86,89,78,62,80
Roy Keane ,FC 24 Winter Wildcard Icon ,88,LB,82,71,84,82,85,86
Joe Cole ,FC 24 Triple Threat Icon ,88,RW,90,85,87,91,52,74
John Arne Riise ,FC 24 Non-Inform ,87,LB,85,82,82,82,83,87
Steve McManaman ,FC 24 FUT Hero ,87,RM,89,77,84,87,46,77
Joao Gomes ,FC 24 Inform ,87,CM,82,77,83,85,87,84
Uchenna Kanu ,FC 24 Inform ,87,LM,90,87,83,90,57,80
Pablo Barrios ,FC 24 Future Stars ,87,CM,85,81,82,90,82,80
Racheal Kundananji ,FC 24 Future Stars ,87,ST,93,85,80,86,45,90
Mayra Ramirez ,FC 24 Inform ,87,ST,93,88,80,89,38,90
Yankuba Minteh ,FC 24 Inform ,87,RW,99,80,80,92,45,66
Savio ,FC 24 Future Stars ,87,RM,95,84,87,89,52,71
Federico Baschirotto ,FC 24 FUT Birthday ,87,CB,84,61,82,72,87,90
Andy Diouf ,FC 24 Inform ,87,CM,87,82,83,89,81,88
Deyna Castellanos ,FC 24 Winter Wildcard ,87,CM,80,84,83,88,78,77
Lo'eau LaBonta ,FC 24 Player Moments ,87,CM,88,87,85,86,79,79
Carson Pickett ,FC 24 Player Moments ,87,LB,89,72,85,86,86,83
Kerolin Nicoli ,FC 24 TOTY Honourable Mention ,87,RM,90,85,83,88,49,82
Harry Kewell ,FC 24 FUT Hero ,87,LW,90,85,88,88,52,69
Tomas Brolin ,FC 24 FUT Hero ,87,ST,87,88,83,90,59,69
Geny Catamo ,FC 24 Inform ,87,RM,94,85,80,91,57,77
Julie Dufour ,FC 24 Non-Inform ,87,LM,92,81,84,90,58,70
Matias Soule ,FC 24 Future Stars ,87,RM,90,84,84,87,60,80
Selma Bacha ,FC 24 Inform ,87,LB,89,73,85,83,80,80
Jess Park ,FC 24 Inform ,87,RW,93,87,85,92,56,75
Emma Koivisto ,FC 24 Inform ,87,RWB,90,70,80,79,89,85
Lauren James ,FC 24 Inform ,87,CAM,91,83,85,89,32,84
Lea Karolina Vilhjalmsdottir ,FC 24 Future Stars ,87,RM,91,83,88,87,63,82
Rodrigo Muniz ,FC 24 Premier League POTM ,87,ST,88,91,76,85,51,87
Amir Richardson ,FC 24 Future Stars ,87,CM,84,75,82,84,82,87
Quentin Merlin ,FC 24 Future Stars ,87,LB,88,75,86,88,84,78
Rasmus Hojlund ,FC 24 Ultimate Dynasties ,87,ST,90,85,70,83,40,84
Pernille Harder ,FC 24 Inform ,87,RM,86,83,87,91,30,81
Nicolas Jackson ,FC 24 Showdown Nominee ,87,ST,89,90,80,88,54,84
Ansgar Knauff ,FC 24 Showdown Nominee ,87,LW,94,83,83,89,65,75
Anton Stach ,FC 24 FUT Birthday ,87,CM,83,82,85,82,85,87
Florian Wirtz ,FC 24 Bundesliga POTM ,87,CAM,79,82,87,89,56,67
Willian Pacho ,FC 24 Future Stars ,87,CB,88,45,78,74,85,86
Alistair Johnston ,FC 24 Inform ,87,RB,90,70,81,83,85,91
Loic Bade ,FC 24 Future Stars ,87,CB,81,60,72,85,87,87
Bryan Limbombe ,FC 24 Showdown Nominee ,87,RW,91,90,85,88,50,73
Ona Batlle ,FC 24 Inform ,87,RB,88,53,82,83,84,76
Ronald Araujo ,FC 24 Inform ,87,RB,81,52,66,64,87,85
Jeremie Frimpong ,FC 24 Non-Inform ,87,RWB,97,63,80,88,81,76
Jude Bellingham ,FC 24 Inform ,87,CAM,77,77,80,86,79,83
Brian Brobbey ,FC 24 Eredivisie POTM ,87,ST,93,87,82,86,42,90
Lucas Chevalier ,FC 24 Inform ,87,GK,89,87,83,88,52,86
Kouadio Manu Kone ,FC 24 Season Reward ,87,CM,82,82,87,90,78,85
Klara Buhl ,FC 24 Future Stars ,87,LM,87,89,83,88,38,76
Lena Oberdorf ,FC 24 Non-Inform ,87,CDM,58,61,77,76,87,89
Eduardo Camavinga ,FC 24 Versus - Ice ,87,CDM,82,70,86,86,85,81
Eduardo Camavinga ,FC 24 Versus - Fire ,87,LB,88,74,82,86,82,84
Ian Wright ,FC 24 Icon ,87,ST,88,89,69,81,40,76
Nico Schlotterbeck ,FC 24 Ultimate Dynasties ,87,CB,81,65,72,77,87,85
Jun Endo ,FC 24 Future Stars ,87,LM,90,82,82,88,50,75
Ian Rush ,FC 24 Icon ,87,ST,84,89,69,83,43,78
Victor Boniface ,FC 24 UEL TOTGS ,87,ST,87,87,78,84,52,91
Khvicha Kvaratskhelia ,FC 24 Inform ,87,LW,86,82,82,88,42,72
John Barnes ,FC 24 Icon ,87,LW,89,85,83,89,44,83
Khephren Thuram ,FC 24 Ultimate Dynasties ,87,CM,80,80,84,85,83,87
Enzo Fernandez ,FC 24 Winter Wildcard ,87,CM,80,79,87,86,81,85
Bukayo Saka ,FC 24 Inform ,87,RW,87,83,81,88,62,72
Asisat Oshoala ,FC 24 Radioactive ,87,ST,92,85,83,86,52,87
Bafode Diakite ,FC 24 Future Stars ,87,RB,89,56,77,84,86,87
Dusan Vlahovic ,FC 24 Inform ,87,ST,86,90,71,84,35,87
Leah Williamson ,FC 24 Centurions ,87,CB,81,47,75,74,88,80
Aldana Cometti ,FC 24 Inform ,87,CB,80,40,64,73,88,87
Estefania Banini ,FC 24 TOTY Honourable Mention ,87,CM,83,88,90,90,77,72
Mykhailo Mudryk ,FC 24 Showdown Winner ,87,LW,95,82,80,88,56,70
Julian Alvarez ,FC 24 Trailblazers ,87,ST,86,88,84,90,62,83
Samuel Chukwueze ,FC 24 Showdown Nominee ,87,RW,92,84,83,89,40,72
Erin Cuthbert ,FC 24 Non-Inform ,87,CM,85,86,87,87,82,74
Beth Mead ,FC 24 Non-Inform ,87,RW,81,84,84,87,67,73
Clara Mateo ,FC 24 Inform ,87,RM,90,87,85,88,63,76
Giovanni Reyna ,FC 24 Inform ,87,RM,87,85,86,91,50,84
Giovanni Reyna ,FC 24 Champions League Live ,87,CAM,87,85,85,91,46,83
Xavi Simons ,FC 24 Champions League RTTF ,87,CAM,92,83,84,89,70,83
Reguilon ,FC 24 Inform ,87,LWB,91,70,85,87,86,81
Mohammed Kudus ,FC 24 Europa League Live ,87,RW,95,81,78,91,67,82
Viktor Tsygankov ,FC 24 Non-Inform ,87,RM,92,84,86,88,52,68
Deniz Undav ,FC 24 Bundesliga POTM ,87,ST,83,91,85,88,45,86
Rodrygo ,FC 24 Trailblazers ,87,ST,90,85,82,90,33,65
Midge Purce ,FC 24 Showdown Winner ,87,RW,95,83,81,87,48,78
William Saliba ,FC 24 Winter Wildcard ,87,CB,84,44,75,78,88,86
Mahdi Camara ,FC 24 Inform ,87,CM,78,77,85,87,88,89
Georgia Stanway ,FC 24 Inform ,87,CDM,84,82,84,88,81,80
Gennaro Gattuso ,FC 24 Non-Inform ,87,CDM,75,63,70,71,90,88
Juan Sebastian Veron ,FC 24 Ultimate Dynasties Icon ,87,CM,77,82,87,82,75,82
Hidetoshi Nakata ,FC 24 FUT Hero ,87,CAM,85,84,85,86,62,65
Artem Dovbyk ,FC 24 La Liga POTM ,87,ST,91,88,77,83,45,90
Tariq Lamptey ,FC 24 Future Stars ,87,RB,94,59,83,86,84,71
Moussa Diaby ,FC 24 Versus - Fire ,87,LM,95,83,76,86,45,65
Moussa Diaby ,FC 24 Versus - Ice ,87,RM,95,80,80,88,47,60
Ewa Pajor ,FC 24 Non-Inform ,87,ST,85,89,63,89,21,69
Mehdi Taremi ,FC 24 UCL TOTGS ,87,ST,84,87,82,87,43,80
Yann Aurel Bisseck ,FC 24 Inform ,87,CB,85,64,75,83,87,92
Rafael Leao ,FC 24 Serie A POTM ,87,LW,94,81,77,88,28,78
Rafael Leao ,FC 24 Trailblazers ,87,LW,94,82,76,89,28,77
Viktor Gyokeres ,FC 24 Inform ,87,ST,92,87,80,89,50,97
Pedro Goncalves ,FC 24 Europa League Live ,87,LW,83,87,86,88,67,72
Luca Zidane ,FC 24 Ultimate Dynasties ,87,GK,87,83,82,86,53,87
Matheus Cunha ,FC 24 Season Reward ,87,ST,89,87,83,90,48,81
Matheus Cunha ,FC 24 Inform ,87,CF,90,88,85,91,50,84
Edon Zhegrova ,FC 24 Inform ,87,RW,92,83,85,92,41,77
Bremer ,FC 24 Non-Inform ,87,CB,84,53,60,70,88,86
Henrik Larsson ,FC 24 Ultimate Dynasties Icon ,87,ST,88,87,74,84,46,73
Jonathan Clauss ,FC 24 Europa League Live ,87,RWB,92,75,83,84,81,78
Erling Haaland ,FC 24 Beats ,87,ST,94,84,65,84,41,81
Patrick Kluivert ,FC 24 Icon ,87,ST,84,86,76,81,40,79
Phil Foden ,FC 24 UCL TOTGS ,87,CAM,84,82,85,91,61,64
Daniel Munoz ,FC 24 Inform ,87,RB,93,78,81,83,87,89
Djordje Mihailovic ,FC 24 Inform ,87,CAM,85,83,88,86,72,82
Kim Min Jae ,FC 24 Inform ,87,CB,84,36,61,68,88,87
David Raum ,FC 24 Inform ,87,LB,93,70,86,87,83,87
David Neres ,FC 24 Inform ,87,RM,92,84,84,93,51,73
Christopher Operi ,FC 24 Inform ,87,LB,92,69,80,86,82,87
Noussair Mazraoui ,FC 24 Radioactive ,87,RB,91,70,82,85,82,80
Kai Havertz ,FC 24 Winter Wildcard ,87,LB,89,77,87,87,85,84
Radoslaw Majecki ,FC 24 Inform ,87,GK,88,87,84,89,47,88
Gregor Kobel ,FC 24 Non-Inform ,87,GK,86,84,74,89,44,85
Harvey Barnes ,FC 24 Inform ,87,LW,93,85,83,89,50,80
Edouard Mendy ,FC 24 Ultimate Dynasties ,87,GK,84,83,86,88,40,87
Alphonso Davies ,FC 24 Non-Inform ,87,LB,98,74,83,88,78,81
Declan Rice ,FC 24 Trailblazers ,87,CDM,78,67,77,80,87,85
Declan Rice ,FC 24 Inform ,87,CDM,80,70,79,82,87,86
Dodo ,FC 24 Europa Conference Live ,87,RB,93,75,85,89,81,82
Lina Magull ,FC 24 Non-Inform ,87,CAM,81,74,84,86,57,68
Sakina Karchaoui ,FC 24 Inform ,87,LB,90,62,83,88,81,67
Raphinha ,FC 24 Winter Wildcard ,87,RW,93,82,81,90,57,77
Theo Hernandez ,FC 24 Inform ,87,CB,95,73,80,83,82,86
Cristian Romero ,FC 24 Inform ,87,CB,77,52,65,72,89,87
Milan Skriniar ,FC 24 Radioactive ,87,CB,83,44,70,71,87,86
Delphine Cascarino ,FC 24 Triple Threat ,87,RW,97,78,84,91,41,61
Rose Lavelle ,FC 24 Non-Inform ,87,CAM,86,78,84,87,45,65
Rose Lavelle ,FC 24 Non-Inform ,87,CAM,86,78,84,87,45,65
Richarlison ,FC 24 Versus - Fire ,87,LW,89,83,82,87,64,81
Richarlison ,FC 24 Versus - Ice ,87,ST,87,88,76,85,64,85
Benjamin White ,FC 24 Inform ,87,RB,85,40,80,86,90,87
Exequiel Palacios ,FC 24 Inform ,87,CM,73,82,86,88,87,83
Lautaro Martinez ,FC 24 Non-Inform ,87,ST,80,86,71,85,48,85
Ousmane Dembele ,FC 24 Inform ,87,RW,94,79,82,88,37,59
Brahim ,FC 24 Pundit Pick ,87,CAM,88,80,85,90,35,57
Trent Alexander-Arnold ,FC 24 Inform ,87,RB,81,72,91,82,83,77
Miguel Almiron ,FC 24 Showdown Nominee ,87,RW,90,85,83,88,62,71
Jean-Victor Makengo ,FC 24 FC Pro Live ,87,CM,80,82,86,87,86,86
Gianluigi Donnarumma ,FC 24 Non-Inform ,87,GK,90,82,79,89,52,83
Dayot Upamecano ,FC 24 Versus - Ice ,87,CB,87,54,71,77,86,87
Dayot Upamecano ,FC 24 Versus - Fire ,87,RB,89,73,83,87,85,86
Palhinha ,FC 24 FUT Birthday ,87,CDM,80,72,80,83,87,92
Denis Zakaria ,FC 24 Winter Wildcard ,87,CDM,83,68,99,81,83,86
Andre Silva ,FC 24 Champions League Live ,87,ST,85,88,81,89,52,85
Stanislav Iljutcenko ,FC 24 Inform ,87,ST,88,90,72,80,54,87
Frenkie de Jong ,FC 24 Non-Inform ,87,CM,82,69,86,87,77,78
Ferland Mendy ,FC 24 Ultimate Dynasties ,87,LB,96,75,82,81,81,90
Marcus Thuram ,FC 24 Ultimate Dynasties ,87,ST,90,84,80,85,56,84
Christian Pulisic ,FC 24 Serie A POTM ,87,RW,93,83,81,91,45,65
Christian Pulisic ,FC 24 Inform ,87,CAM,92,84,82,92,46,71
Sandra Panos ,FC 24 Non-Inform ,87,GK,86,82,84,89,56,87
Jessie Fleming ,FC 24 Player Moments ,87,CM,87,87,90,88,80,69
Amel Majri ,FC 24 Inform ,87,LW,83,82,88,91,85,78
Svenja Huth ,FC 24 Non-Inform ,87,RM,83,74,85,87,56,70
Eugenie Le Sommer ,FC 24 Inform ,87,LW,80,89,84,88,46,75
Sara Dabritz ,FC 24 Inform ,87,CM,81,86,87,89,79,78
Lucy Bronze ,FC 24 Non-Inform ,87,RB,73,68,80,80,85,88
Fridolina Rolfo ,FC 24 Non-Inform ,87,LB,82,82,82,87,83,80
Magdalena Eriksson ,FC 24 Non-Inform ,87,CB,80,49,75,70,88,85
Marta ,FC 24 Centurions ,87,CAM,80,86,88,91,48,78
Ismael Bennacer ,FC 24 Radioactive ,87,CDM,82,78,84,88,82,81
Andre Onana ,FC 24 Inform ,87,GK,86,83,90,88,63,87
Crystal Dunn ,FC 24 Showdown Nominee ,87,CM,89,84,85,86,83,83
Federico Dimarco ,FC 24 Inform ,87,LWB,88,76,85,84,82,80
Nordi Mukiele ,FC 24 Winter Wildcard ,87,RB,89,53,89,88,82,82
Marcos Llorente ,FC 24 Winter Wildcard ,87,LW,89,87,83,84,72,81
Konrad Laimer ,FC 24 Champions League Live ,87,CDM,83,76,83,82,85,84
Mikel Merino ,FC 24 Champions League RTTF ,87,CM,78,82,87,85,87,85
Ellyes Skhiri ,FC 24 Winter Wildcard ,87,CDM,80,99,80,81,85,80
Joe Gomez ,FC 24 Non-Inform ,87,CB,86,37,79,80,87,85
Diogo Jota ,FC 24 FC Pro Live Upgraded ,87,CF,86,86,78,87,59,82
Jeremie Boga ,FC 24 Season Reward ,87,LM,93,85,83,89,43,74
Ruben Neves ,FC 24 Player Moments ,87,CDM,80,88,90,85,83,81
Nicolo Barella ,FC 24 Inform ,87,CM,80,79,83,86,80,81
Sergej Milinkovic-Savic ,FC 24 Inform ,87,CM,70,82,83,83,80,87
Robin Gosens ,FC 24 Inform ,87,LWB,90,84,83,84,85,87
Martin Odegaard ,FC 24 Non-Inform ,87,CAM,72,81,88,87,61,64
Rick Karsdorp ,FC 24 Season Reward ,87,RB,89,77,81,87,80,84
Leroy Sane ,FC 24 Ultimate Dynasties ,87,RM,93,85,84,88,41,76
Lukas Klostermann ,FC 24 Non-Inform ,87,CB,86,59,75,82,88,85
Ollie Watkins ,FC 24 Centurions ,87,ST,91,87,77,84,55,82
James Maddison ,FC 24 Triple Threat ,87,CAM,77,85,90,90,58,67
Giovanni Di Lorenzo ,FC 24 UCL TOTGS ,87,RB,90,70,79,81,84,84
Nabil Fekir ,FC 24 Non-Inform ,87,CAM,87,85,86,91,43,84
Alexander Sorloth ,FC 24 Inform ,87,ST,90,87,78,83,45,93
N'Golo Kante ,FC 24 Inform ,87,CDM,70,66,75,81,86,79
Mike Maignan ,FC 24 Non-Inform ,87,GK,85,82,87,89,51,85
Davor Suker ,FC 24 Icon ,87,ST,83,89,79,88,43,75
Frank Rijkaard ,FC 24 Icon ,87,CDM,77,73,80,77,87,86
Tim Kleindienst ,FC 24 Inform ,87,ST,83,88,75,81,45,90
Adama Traore ,FC 24 Player Moments ,87,RWB,95,81,77,85,73,85
Alex Iwobi ,FC 24 Season Reward ,87,RM,89,82,85,90,62,86
Kingsley Coman ,FC 24 Inform ,87,RW,91,80,82,89,32,65
Przemyslaw Frankowski ,FC 24 FUT Birthday ,87,RWB,95,82,84,82,80,82
Przemyslaw Frankowski ,FC 24 FUT Birthday ,87,RWB,95,82,84,82,80,82
Paulo Dybala ,FC 24 Inform ,87,ST,82,87,86,91,41,61
Domenico Berardi ,FC 24 Inform ,87,RW,86,87,84,89,38,75
Joao Cancelo ,FC 24 Inform ,87,RB,82,74,87,85,82,73
Grimaldo ,FC 24 Inform ,87,LM,91,73,86,87,81,77
Adrien Rabiot ,FC 24 Winter Wildcard ,87,CM,81,80,83,83,86,87
Christian Gunter ,FC 24 Versus - Fire ,87,LB,90,70,75,82,81,85
Christian Gunter ,FC 24 Versus - Ice ,87,RB,90,74,83,80,79,89
Sadio Mane ,FC 24 Inform ,87,LM,87,85,80,88,45,75
Emil Forsberg ,FC 24 FUT Birthday ,87,CAM,84,85,88,88,44,80
Emil Forsberg ,FC 24 FUT Birthday ,87,CAM,84,85,88,88,44,80
Marquinhos ,FC 24 Non-Inform ,87,CB,78,56,75,74,89,80
Raul Ruidiaz ,FC 24 Inform ,87,ST,92,88,75,89,50,80
Riyad Mahrez ,FC 24 Trailblazers ,87,RM,82,82,82,91,39,61
Felipe Anderson ,FC 24 FUT Birthday ,87,LW,92,84,84,91,71,80
Felipe Anderson ,FC 24 FUT Birthday ,87,LW,92,84,84,91,71,80
Frederik Ronnow ,FC 24 Inform ,87,GK,88,89,86,87,60,88
Morata ,FC 24 Versus - Fire ,87,ST,89,86,77,84,35,86
Morata ,FC 24 Versus - Ice ,87,ST,87,88,76,87,35,83
Heung Min Son ,FC 24 Non-Inform ,87,LW,87,88,80,84,42,70
Luis Muriel ,FC 24 Player Moments ,87,ST,91,87,84,89,32,77
Luis Alberto ,FC 24 Inform ,87,CM,75,82,88,87,66,64
Juanmi ,FC 24 Inform ,87,ST,88,90,81,89,39,72
Isco ,FC 24 Versus - Ice ,87,CAM,81,83,87,87,73,82
Isco ,FC 24 Versus - Fire ,87,CAM,85,83,85,89,81,73
James Tavernier ,FC 24 Inform ,87,RB,92,84,87,85,83,88
Florian Kainz ,FC 24 FUT Birthday ,87,CAM,84,87,89,89,57,76
Juan Cuadrado ,FC 24 Non-Inform ,87,RM,95,81,85,91,83,78
Kevin De Bruyne ,FC 24 Flashback ,87,CM,80,84,91,83,70,74
Iago Aspas ,FC 24 Flashback ,87,ST,85,88,82,89,39,70
Jorge Campos ,FC 24 FUT Hero ,87,GK,93,83,81,90,84,80
Nemanja Matic ,FC 24 Europa League Live ,87,CDM,81,76,85,85,88,87
Christian Eriksen ,FC 24 Radioactive ,87,CM,81,80,90,85,54,70
De Marcos ,FC 24 Inform ,87,RB,89,73,82,83,86,87
Luuk de Jong ,FC 24 Inform ,87,ST,81,88,81,83,55,87
Thiago ,FC 24 Triple Threat ,87,CM,80,75,89,92,75,70
Pedro ,FC 24 Champions League Live ,87,RW,84,83,85,93,43,59
Francis Coquelin ,FC 24 Europa League Live ,87,CM,80,75,84,86,85,86
Kevin Trapp ,FC 24 Trailblazers ,87,GK,85,83,80,88,48,87
Cristhian Stuani ,FC 24 Season Reward ,87,ST,85,90,83,86,58,92
Kieran Trippier ,FC 24 Inform ,87,RB,77,72,89,84,87,79
Danny Welbeck ,FC 24 Flashback ,87,ST,91,88,83,89,48,80
Ramires ,FC 24 Non-Inform ,87,CDM,89,80,81,82,85,85
Matteo Darmian ,FC 24 Champions League Live ,87,CB,81,66,83,84,90,82
Toby Alderweireld ,FC 24 Inform ,87,CB,80,68,83,75,89,87
Yuri Berchiche ,FC 24 Inform ,87,LB,90,77,83,84,85,89
Toni Kroos ,FC 24 Inform ,87,CM,70,82,91,83,71,72
Olivier Giroud ,FC 24 Flashback ,87,ST,85,88,80,82,47,86
Axel Witsel ,FC 24 Season Reward ,87,CDM,80,72,86,84,87,83
Luka Modric ,FC 24 Non-Inform ,87,CM,72,76,89,87,72,66
Dries Mertens ,FC 24 Champions League Live ,87,CF,82,86,86,88,47,55
Claudio Marchisio ,FC 24 FUT Hero ,87,CM,82,81,85,86,80,82
Manuel Neuer ,FC 24 Non-Inform ,87,GK,84,85,90,84,49,88
Thiago Silva ,FC 24 Centurions ,87,CB,80,57,77,75,90,82
Sergio Ramos ,FC 24 Inform ,87,CB,79,73,79,74,87,84
